geo,sex,year,immigrant
900,male,1990,77661689
901,male,1990,40426798
902,male,1990,37234891
941,male,1990,5550233
934,male,1990,31684658
1503,male,1990,39990074
1517,male,1990,32639136
1502,male,1990,16872084
1501,male,1990,15767052
1500,male,1990,4881216
903,male,1990,8279127
935,male,1990,25757459
908,male,1990,24119388
904,male,1990,3592878
905,male,1990,13497226
909,male,1990,2415611
947,male,1990,7048417
910,male,1990,3069356
108,male,1990,163267
174,male,1990,6717
262,male,1990,64242
232,male,1990,6228
231,male,1990,607284
404,male,1990,161259
450,male,1990,13348
454,male,1990,546520
480,male,1990,1763
175,male,1990,8780
508,male,1990,66060
638,male,1990,30724
646,male,1990,80763
690,male,1990,2204
706,male,1990,244201
800,male,1990,283337
834,male,1990,283390
894,male,1990,143029
716,male,1990,356240
911,male,1990,744853
24,male,1990,18142
120,male,1990,145869
140,male,1990,35686
148,male,1990,40133
178,male,1990,64316
180,male,1990,363117
226,male,1990,1465
266,male,1990,73172
678,male,1990,2953
913,male,1990,841812
72,male,1990,16614
748,male,1990,39905
426,male,1990,4318
516,male,1990,63748
710,male,1990,717227
914,male,1990,2392396
204,male,1990,40418
854,male,1990,167834
132,male,1990,4429
384,male,1990,1011749
270,male,1990,66306
288,male,1990,83030
324,male,1990,201260
624,male,1990,7689
430,male,1990,53924
466,male,1990,82049
478,male,1990,57569
562,male,1990,55222
566,male,1990,256166
654,male,1990,110
686,male,1990,138840
694,male,1990,122898
768,male,1990,42903
1833,male,1990,10137138
912,male,1990,1230710
12,male,1990,150234
818,male,1990,91995
434,male,1990,242707
504,male,1990,29024
729,male,1990,696385
788,male,1990,18900
732,male,1990,1465
922,male,1990,8906428
51,male,1990,270535
31,male,1990,157856
48,male,1990,122730
196,male,1990,20463
268,male,1990,133285
368,male,1990,55751
376,male,1990,770777
400,male,1990,586473
414,male,1990,654878
422,male,1990,267922
512,male,1990,242477
634,male,1990,225932
682,male,1990,3324873
275,male,1990,132101
760,male,1990,364077
792,male,1990,577329
784,male,1990,931959
887,male,1990,67010
921,male,1990,13343124
5500,male,1990,2972344
398,male,1990,1666164
417,male,1990,260416
762,male,1990,187972
795,male,1990,134174
860,male,1990,723618
5501,male,1990,10370780
4,male,1990,32558
50,male,1990,476097
64,male,1990,19409
356,male,1990,3967470
364,male,1990,2456700
462,male,1990,4777
524,male,1990,125966
586,male,1990,3264380
144,male,1990,23423
1832,male,1990,3507907
906,male,1990,1996803
156,male,1990,191954
344,male,1990,1124544
446,male,1990,96379
408,male,1990,17393
392,male,1990,538765
496,male,1990,3419
410,male,1990,24349
920,male,1990,1511104
96,male,1990,41856
116,male,1990,19084
360,male,1990,229885
418,male,1990,11806
458,male,1990,405808
104,male,1990,72310
608,male,1990,81347
702,male,1990,345842
764,male,1990,283486
626,male,1990,4450
704,male,1990,15230
1830,male,1990,3592878
915,male,1990,549633
660,male,1990,1258
28,male,1990,5775
533,male,1990,6429
44,male,1990,13827
52,male,1990,10065
92,male,1990,4126
535,male,1990,17257
136,male,1990,4587
192,male,1990,17278
212,male,1990,1309
214,male,1990,181677
308,male,1990,2106
312,male,1990,32718
332,male,1990,10606
388,male,1990,9981
474,male,1990,19091
500,male,1990,1029
630,male,1990,153354
659,male,1990,1642
662,male,1990,2618
670,male,1990,1928
780,male,1990,23528
796,male,1990,2620
850,male,1990,24824
916,male,1990,903333
84,male,1990,16393
188,male,1990,212173
222,male,1990,22218
320,male,1990,112615
340,male,1990,137573
484,male,1990,348353
558,male,1990,20860
591,male,1990,33148
931,male,1990,2139912
32,male,1990,788130
68,male,1990,37549
76,male,1990,426147
152,male,1990,54547
170,male,1990,53109
218,male,1990,38531
238,male,1990,488
254,male,1990,34843
328,male,1990,2200
600,male,1990,102816
604,male,1990,28376
740,male,1990,9767
858,male,1990,45830
862,male,1990,517579
927,male,1990,2271419
36,male,1990,2013196
554,male,1990,258223
928,male,1990,50712
242,male,1990,6847
540,male,1990,20885
598,male,1990,19362
90,male,1990,2349
548,male,1990,1269
954,male,1990,60858
316,male,1990,39364
296,male,1990,1107
584,male,1990,721
583,male,1990,2099
520,male,1990,1506
580,male,1990,14261
585,male,1990,1800
957,male,1990,32622
16,male,1990,11175
184,male,1990,1443
258,male,1990,15444
570,male,1990,245
882,male,1990,1771
772,male,1990,150
776,male,1990,1488
798,male,1990,180
876,male,1990,726
1829,male,1990,37616614
917,male,1990,24119388
923,male,1990,10199700
112,male,1990,572021
100,male,1990,9047
203,male,1990,57405
348,male,1990,156185
616,male,1990,482176
498,male,1990,238053
642,male,1990,57601
643,male,1990,5655422
703,male,1990,18187
804,male,1990,2953603
924,male,1990,3176421
830,male,1990,29005
208,male,1990,114411
233,male,1990,171691
234,male,1990,2440
246,male,1990,31682
352,male,1990,4248
372,male,1990,112093
833,male,1990,16371
428,male,1990,290800
440,male,1990,164585
578,male,1990,99562
752,male,1990,383085
826,male,1990,1756448
925,male,1990,2062991
8,male,1990,30579
20,male,1990,20990
70,male,1990,26538
191,male,1990,222531
292,male,1990,4528
300,male,1990,330038
336,male,1990,376
380,male,1990,642414
470,male,1990,7012
807,male,1990,39661
620,male,1990,209922
674,male,1990,1728
688,male,1990,46712
705,male,1990,89514
724,male,1990,390448
926,male,1990,8680276
40,male,1990,368287
56,male,1990,654543
250,male,1990,2999376
276,male,1990,3293128
438,male,1990,5956
442,male,1990,56062
492,male,1990,9471
528,male,1990,592343
756,male,1990,701110
918,male,1990,13497226
60,male,1990,7557
124,male,1990,2109652
304,male,1990,6472
666,male,1990,560
840,male,1990,11372985
900,male,1995,81686116
901,male,1995,45377588
902,male,1995,36308528
941,male,1995,5824077
934,male,1995,30484451
1503,male,1995,45667367
1517,male,1995,30611173
1502,male,1995,16976166
1501,male,1995,13635007
1500,male,1995,5229495
903,male,1995,8619901
935,male,1995,24869467
908,male,1995,25913001
904,male,1995,3346421
905,male,1995,16401865
909,male,1995,2535461
947,male,1995,7514093
910,male,1995,2563827
108,male,1995,124165
174,male,1995,6614
262,male,1995,52476
232,male,1995,6542
231,male,1995,424117
404,male,1995,322189
450,male,1995,11901
454,male,1995,116198
480,male,1995,3228
175,male,1995,14679
508,male,1995,91210
638,male,1995,40710
646,male,1995,109783
690,male,1995,3021
706,male,1995,10282
800,male,1995,308281
834,male,1995,547089
894,male,1995,125329
716,male,1995,246013
911,male,1995,1355452
24,male,1995,20755
120,male,1995,133945
140,male,1995,52975
148,male,1995,48298
178,male,1995,95822
180,male,1995,901379
226,male,1995,1930
266,male,1995,97800
678,male,1995,2548
913,male,1995,718438
72,male,1995,23517
748,male,1995,18701
426,male,1995,3827
516,male,1995,61310
710,male,1995,611083
914,male,1995,2876376
204,male,1995,56304
854,male,1995,223156
132,male,1995,5091
384,male,1995,1150710
270,male,1995,82048
288,male,1995,127423
324,male,1995,386537
624,male,1995,13833
430,male,1995,111647
466,male,1995,90871
478,male,1995,47015
562,male,1995,69751
566,male,1995,258091
654,male,1995,70
686,male,1995,147165
694,male,1995,55937
768,male,1995,50727
1833,male,1995,11047709
912,male,1995,1105808
12,male,1995,143696
818,male,1995,88545
434,male,1995,300906
504,male,1995,26264
729,male,1995,525701
788,male,1995,19045
732,male,1995,1651
922,male,1995,9941901
51,male,1995,284995
31,male,1995,149509
48,male,1995,144227
196,male,1995,27604
268,male,1995,66643
368,male,1995,114821
376,male,1995,830330
400,male,1995,784725
414,male,1995,591452
422,male,1995,310613
512,male,1995,417444
634,male,1995,269972
682,male,1995,3416485
275,male,1995,128328
760,male,1995,423115
792,male,1995,593938
784,male,1995,1309868
887,male,1995,77832
921,male,1995,10736690
5500,male,1995,2655599
398,male,1995,1497455
417,male,1995,216638
762,male,1995,151894
795,male,1995,132122
860,male,1995,657490
5501,male,1995,8081091
4,male,1995,39105
50,male,1995,503989
64,male,1995,22804
356,male,1995,3608978
364,male,1995,1705972
462,male,1995,9243
524,male,1995,217088
586,male,1995,1951223
144,male,1995,22689
1832,male,1995,4190876
906,male,1995,2274256
156,male,1995,223018
344,male,1995,1175087
446,male,1995,103660
408,male,1995,17562
392,male,1995,680212
496,male,1995,3959
410,male,1995,70758
920,male,1995,1916620
96,male,1995,47832
116,male,1995,45361
360,male,1995,191600
418,male,1995,12199
458,male,1995,534964
104,male,1995,61489
608,male,1995,107524
702,male,1995,456411
764,male,1995,426290
626,male,1995,4763
704,male,1995,28187
1830,male,1995,3346421
915,male,1995,593309
660,male,1995,1584
28,male,1995,8046
533,male,1995,9974
44,male,1995,16620
52,male,1995,11235
92,male,1995,5034
535,male,1995,18830
136,male,1995,6339
192,male,1995,12559
212,male,1995,1623
214,male,1995,198842
308,male,1995,2746
312,male,1995,36248
332,male,1995,10076
388,male,1995,11242
474,male,1995,22271
500,male,1995,825
630,male,1995,160739
659,male,1995,2196
662,male,1995,3563
670,male,1995,2011
780,male,1995,21303
796,male,1995,3643
850,male,1995,25760
916,male,1995,643244
84,male,1995,17512
188,male,1995,184485
222,male,1995,18564
320,male,1995,66913
340,male,1995,76077
484,male,1995,229589
558,male,1995,13364
591,male,1995,36740
931,male,1995,2109868
32,male,1995,753027
68,male,1995,42806
76,male,1995,396152
152,male,1995,69632
170,male,1995,54666
218,male,1995,57879
238,male,1995,510
254,male,1995,36869
328,male,1995,3405
600,male,1995,97869
604,male,1995,28062
740,male,1995,12091
858,male,1995,43427
862,male,1995,513473
927,male,1995,2382510
36,male,1995,2093280
554,male,1995,289230
928,male,1995,54089
242,male,1995,6726
540,male,1995,23908
598,male,1995,19832
90,male,1995,2328
548,male,1995,1295
954,male,1995,63046
316,male,1995,38822
296,male,1995,1139
584,male,1995,916
583,male,1995,2119
520,male,1995,1395
580,male,1995,15847
585,male,1995,2808
957,male,1995,35816
16,male,1995,12037
184,male,1995,1497
258,male,1995,16689
570,male,1995,257
882,male,1995,2451
772,male,1995,147
776,male,1995,1718
798,male,1995,148
876,male,1995,872
1829,male,1995,42314866
917,male,1995,25913001
923,male,1995,10013084
112,male,1995,543307
100,male,1995,13642
203,male,1995,88316
348,male,1995,147202
616,male,1995,404049
498,male,1995,155297
642,male,1995,60443
643,male,1995,5925452
703,male,1995,30531
804,male,1995,2644845
924,male,1995,3404174
830,male,1995,28468
208,male,1995,147194
233,male,1995,136268
234,male,1995,1575
246,male,1995,49575
352,male,1995,5727
372,male,1995,108084
833,male,1995,17548
428,male,1995,234216
440,male,1995,128641
578,male,1995,117222
752,male,1995,450945
826,male,1995,1978711
925,male,1995,2959579
8,male,1995,33284
20,male,1995,23588
70,male,1995,33115
191,male,1995,315733
292,male,1995,4196
300,male,1995,445004
336,male,1995,379
380,male,1995,809553
470,male,1995,8366
807,male,1995,45581
620,male,1995,259337
674,male,1995,1940
688,male,1995,390134
705,male,1995,90255
724,male,1995,499114
926,male,1995,9536164
40,male,1995,423302
56,male,1995,651788
250,male,1995,3046083
276,male,1995,3898397
438,male,1995,7068
442,male,1995,62292
492,male,1995,9955
528,male,1995,668236
756,male,1995,769043
918,male,1995,16401865
60,male,1995,8044
124,male,1995,2356105
304,male,1995,4875
666,male,1995,682
840,male,1995,14032159
900,male,2000,88029221
901,male,2000,50801898
902,male,2000,37227323
941,male,2000,5033932
934,male,2000,32193391
1503,male,2000,52461513
1517,male,2000,30909147
1502,male,2000,17714558
1501,male,2000,13194589
1500,male,2000,4449042
903,male,2000,7996691
935,male,2000,26592020
908,male,2000,27501320
904,male,2000,3278974
905,male,2000,19983823
909,male,2000,2676393
947,male,2000,6939992
910,male,2000,2483905
108,male,2000,61094
174,male,2000,6511
262,male,2000,52920
232,male,2000,6856
231,male,2000,322219
404,male,2000,352933
450,male,2000,13276
454,male,2000,111530
480,male,2000,5705
175,male,2000,23546
508,male,2000,103175
638,male,2000,52264
646,male,2000,175741
690,male,2000,3837
706,male,2000,10628
800,male,2000,290859
834,male,2000,481816
894,male,2000,175114
716,male,2000,233881
911,male,2000,915265
24,male,2000,23367
120,male,2000,124008
140,male,2000,65636
148,male,2000,56463
178,male,2000,153107
180,male,2000,365092
226,male,2000,2394
266,male,2000,122986
678,male,2000,2212
913,male,2000,745852
72,male,2000,43840
748,male,2000,17921
426,male,2000,3335
516,male,2000,73154
710,male,2000,607602
914,male,2000,2794970
204,male,2000,72190
854,male,2000,250555
132,male,2000,5753
384,male,2000,1198496
270,male,2000,97138
288,male,2000,97279
324,male,2000,279108
624,male,2000,10155
430,male,2000,82129
466,male,2000,97752
478,male,2000,31163
562,male,2000,58192
566,male,2000,270211
654,male,2000,61
686,male,2000,121492
694,male,2000,54184
768,male,2000,69112
1833,male,2000,12060066
912,male,2000,1056699
12,male,2000,137158
818,male,2000,98224
434,male,2000,368950
504,male,2000,27233
729,male,2000,404618
788,male,2000,18679
732,male,2000,1837
922,male,2000,11003367
51,male,2000,270170
31,male,2000,141161
48,male,2000,165344
196,male,2000,34745
268,male,2000,33321
368,male,2000,120464
376,male,2000,853712
400,male,2000,982977
414,male,2000,761512
422,male,2000,353305
512,male,2000,488389
634,male,2000,274242
682,male,2000,3517768
275,male,2000,124555
760,male,2000,427981
792,male,2000,616007
784,male,2000,1757200
887,male,2000,80514
921,male,2000,10422740
5500,male,2000,2327133
398,male,2000,1323580
417,male,2000,162927
762,male,2000,131653
795,male,2000,102810
860,male,2000,606163
5501,male,2000,8095607
4,male,2000,42848
50,male,2000,531907
64,male,2000,26200
356,male,2000,3303591
364,male,2000,1662264
462,male,2000,14907
524,male,2000,241959
586,male,2000,2249960
144,male,2000,21971
1832,male,2000,5165913
906,male,2000,2551537
156,male,2000,254082
344,male,2000,1225629
446,male,2000,109391
408,male,2000,17731
392,male,2000,796928
496,male,2000,4564
410,male,2000,143212
920,male,2000,2614376
96,male,2000,53807
116,male,2000,71638
360,male,2000,153315
418,male,2000,11564
458,male,2000,822679
104,male,2000,52150
608,male,2000,161904
702,male,2000,601671
764,male,2000,647728
626,male,2000,5095
704,male,2000,32825
1830,male,2000,3278974
915,male,2000,640428
660,male,2000,1910
28,male,2000,10316
533,male,2000,13519
44,male,2000,19414
52,male,2000,12405
92,male,2000,6386
535,male,2000,20402
136,male,2000,9671
192,male,2000,7840
212,male,2000,1955
214,male,2000,216008
308,male,2000,3386
312,male,2000,39778
332,male,2000,9572
388,male,2000,12503
474,male,2000,25451
500,male,2000,622
630,male,2000,168480
659,male,2000,3068
662,male,2000,4960
670,male,2000,2099
780,male,2000,19288
796,male,2000,4665
850,male,2000,26730
916,male,2000,554886
84,male,2000,18631
188,male,2000,156798
222,male,2000,14909
320,male,2000,21211
340,male,2000,14581
484,male,2000,270896
558,male,2000,15423
591,male,2000,42437
931,male,2000,2083660
32,male,2000,717924
68,male,2000,47665
76,male,2000,366156
152,male,2000,84717
170,male,2000,56223
218,male,2000,77227
238,male,2000,636
254,male,2000,38895
328,male,2000,4611
600,male,2000,92052
604,male,2000,32839
740,male,2000,14938
858,male,2000,41095
862,male,2000,508682
927,male,2000,2519827
36,male,2000,2189900
554,male,2000,329927
928,male,2000,52951
242,male,2000,6601
540,male,2000,26932
598,male,2000,15874
90,male,2000,2224
548,male,2000,1320
954,male,2000,64928
316,male,2000,38280
296,male,2000,1188
584,male,2000,1164
583,male,2000,1721
520,male,2000,1283
580,male,2000,17387
585,male,2000,3905
957,male,2000,38687
16,male,2000,12898
184,male,2000,1552
258,male,2000,17604
570,male,2000,268
882,male,2000,3101
772,male,2000,144
776,male,2000,1981
798,male,2000,121
876,male,2000,1018
1829,male,2000,47485143
917,male,2000,27501320
923,male,2000,9695286
112,male,2000,514593
100,male,2000,18238
203,male,2000,119227
348,male,2000,138219
616,male,2000,338323
498,male,2000,101097
642,male,2000,63121
643,male,2000,5982851
703,male,2000,51253
804,male,2000,2368364
924,male,2000,3711179
830,male,2000,30234
208,male,2000,179977
233,male,2000,100844
234,male,2000,1921
246,male,2000,67469
352,male,2000,7207
372,male,2000,172959
833,male,2000,18725
428,male,2000,177632
440,male,2000,100546
578,male,2000,144826
752,male,2000,480211
826,male,2000,2228628
925,male,2000,3688926
8,male,2000,35990
20,male,2000,22093
70,male,2000,39691
191,male,2000,274823
292,male,2000,3865
300,male,2000,559794
336,male,2000,379
380,male,2000,976691
470,male,2000,10289
807,male,2000,52385
620,male,2000,320319
674,male,2000,2175
688,male,2000,437602
705,male,2000,114772
724,male,2000,838058
926,male,2000,10405929
40,male,2000,478318
56,male,2000,636275
250,male,2000,3092789
276,male,2000,4503666
438,male,2000,7980
442,male,2000,69286
492,male,2000,10458
528,male,2000,765302
756,male,2000,841855
918,male,2000,19983823
60,male,2000,8531
124,male,2000,2659135
304,male,2000,4616
666,male,2000,756
840,male,2000,17310785
900,male,2005,97860838
901,male,2005,57078401
902,male,2005,40782437
941,male,2005,4987537
934,male,2005,35794900
1503,male,2005,61790468
1517,male,2005,31332883
1502,male,2005,18757000
1501,male,2005,12575883
1500,male,2005,4505247
903,male,2005,8666607
935,male,2005,29295776
908,male,2005,30775683
904,male,2005,3590334
905,male,2005,22544640
909,male,2005,2987798
947,male,2005,7621682
910,male,2005,2535451
108,male,2005,84805
174,male,2005,6286
262,male,2005,51315
232,male,2005,7729
231,male,2005,269725
404,male,2005,400364
450,male,2005,14744
454,male,2005,105931
480,male,2005,8943
175,male,2005,31364
508,male,2005,127908
638,male,2005,59196
646,male,2005,213279
690,male,2005,5820
706,male,2005,11047
800,male,2005,292130
834,male,2005,486983
894,male,2005,128628
716,male,2005,229254
911,male,2005,1002237
24,male,2005,30240
120,male,2005,146129
140,male,2005,50236
148,male,2005,159715
178,male,2005,173229
180,male,2005,302290
226,male,2005,3564
266,male,2005,135107
678,male,2005,1727
913,male,2005,909800
72,male,2005,49132
748,male,2005,17369
426,male,2005,3402
516,male,2005,57625
710,male,2005,782272
914,male,2005,3174194
204,male,2005,107882
854,male,2005,285871
132,male,2005,6523
384,male,2005,1254690
270,male,2005,96230
288,male,2005,156778
324,male,2005,111738
624,male,2005,10298
430,male,2005,51183
466,male,2005,132244
478,male,2005,32588
562,male,2005,59170
566,male,2005,564384
654,male,2005,85
686,male,2005,124854
694,male,2005,76621
768,male,2005,103055
1833,male,2005,14355846
912,male,2005,1044925
12,male,2005,108266
818,male,2005,165211
434,male,2005,445597
504,male,2005,27543
729,male,2005,278084
788,male,2005,18000
732,male,2005,2224
922,male,2005,13310921
51,male,2005,191401
31,male,2005,135336
48,male,2005,288614
196,male,2005,50421
268,male,2005,31655
368,male,2005,80883
376,male,2005,867805
400,male,2005,1183645
414,male,2005,918580
422,male,2005,390331
512,male,2005,527842
634,male,2005,498428
682,male,2005,4469805
275,male,2005,119621
760,male,2005,450438
792,male,2005,618938
784,male,2005,2388299
887,male,2005,98879
921,male,2005,9564717
5500,male,2005,2413191
398,male,2005,1472820
417,male,2005,128064
762,male,2005,121403
795,male,2005,101214
860,male,2005,589690
5501,male,2005,7151526
4,male,2005,49274
50,male,2005,621228
64,male,2005,32742
356,male,2005,3045849
364,male,2005,1410319
462,male,2005,27079
524,male,2005,235203
586,male,2005,1708514
144,male,2005,21318
1832,male,2005,6420138
906,male,2005,2938257
156,male,2005,379920
344,male,2005,1185121
446,male,2005,130387
408,male,2005,19749
392,male,2005,931198
496,male,2005,7577
410,male,2005,284305
920,male,2005,3481881
96,male,2005,55265
116,male,2005,57511
360,male,2005,165493
418,male,2005,10930
458,male,2005,1133541
104,male,2005,44506
608,male,2005,133023
702,male,2005,758762
764,male,2005,1086166
626,male,2005,5578
704,male,2005,31106
1830,male,2005,3590334
915,male,2005,670961
660,male,2005,2210
28,male,2005,11052
533,male,2005,14559
44,male,2005,23646
52,male,2005,13575
92,male,2005,7401
535,male,2005,21730
136,male,2005,10515
192,male,2005,5252
212,male,2005,2491
214,male,2005,228180
308,male,2005,3424
312,male,2005,41273
332,male,2005,9093
388,male,2005,12263
474,male,2005,25891
500,male,2005,639
630,male,2005,166780
659,male,2005,3501
662,male,2005,4843
670,male,2005,2198
534,male,2005,6285
780,male,2005,20647
796,male,2005,6787
850,male,2005,26726
916,male,2005,692144
84,male,2005,21045
188,male,2005,176335
222,male,2005,17029
320,male,2005,26064
340,male,2005,14444
484,male,2005,359642
558,male,2005,17773
591,male,2005,59812
931,male,2005,2227229
32,male,2005,774810
68,male,2005,56019
76,male,2005,343019
152,male,2005,131414
170,male,2005,55706
218,male,2005,96188
238,male,2005,675
254,male,2005,42729
328,male,2005,5817
600,male,2005,87698
604,male,2005,38959
740,male,2005,18340
858,male,2005,37658
862,male,2005,538197
927,male,2005,2826880
36,male,2005,2419190
554,male,2005,407690
928,male,2005,57621
242,male,2005,6564
540,male,2005,29909
598,male,2005,17920
90,male,2005,1830
548,male,2005,1398
954,male,2005,63769
316,male,2005,38602
296,male,2005,1312
584,male,2005,1485
583,male,2005,1565
520,male,2005,1208
580,male,2005,15977
585,male,2005,3620
957,male,2005,39528
16,male,2005,12498
184,male,2005,1724
258,male,2005,18405
570,male,2005,282
882,male,2005,2940
772,male,2005,133
776,male,2005,2324
798,male,2005,115
876,male,2005,1107
1829,male,2005,53320323
917,male,2005,30775683
923,male,2005,9358006
112,male,2005,506988
100,male,2005,26594
203,male,2005,181719
348,male,2005,174216
616,male,2005,297039
498,male,2005,67924
642,male,2005,70153
643,male,2005,5806597
703,male,2005,58716
804,male,2005,2168060
924,male,2005,4564413
830,male,2005,33611
208,male,2005,213097
233,male,2005,94244
234,male,2005,2450
246,male,2005,96429
352,male,2005,12413
372,male,2005,309910
833,male,2005,20214
428,male,2005,154745
440,male,2005,94189
578,male,2005,176444
752,male,2005,538490
826,male,2005,2818177
925,male,2005,5851147
8,male,2005,32993
20,male,2005,26466
70,male,2005,22473
191,male,2005,271645
292,male,2005,4518
300,male,2005,587677
336,male,2005,381
380,male,2005,1820290
470,male,2005,11899
807,male,2005,53220
620,male,2005,376774
674,male,2005,2302
688,male,2005,383088
705,male,2005,116741
724,male,2005,2140680
926,male,2005,11002117
40,male,2005,543618
56,male,2005,620924
250,male,2005,3300859
276,male,2005,4676178
438,male,2005,9434
442,male,2005,74951
492,male,2005,10322
528,male,2005,843444
756,male,2005,922387
918,male,2005,22544640
60,male,2005,8866
124,male,2005,2915838
304,male,2005,4461
666,male,2005,597
840,male,2005,19614878
900,male,2010,114061680
901,male,2010,63408858
902,male,2010,50652822
941,male,2010,5185496
934,male,2010,45467326
1503,male,2010,75066182
1517,male,2010,33819987
1502,male,2010,20832801
1501,male,2010,12987186
1500,male,2010,4946332
903,male,2010,9542242
935,male,2010,37818766
908,male,2010,34110740
904,male,2010,4106262
905,male,2010,24944560
909,male,2010,3539110
947,male,2010,8388536
910,male,2010,2413116
108,male,2010,115823
174,male,2010,6060
262,male,2010,53295
232,male,2010,8603
231,male,2010,298069
404,male,2010,473093
450,male,2010,16410
454,male,2010,103869
480,male,2010,13188
175,male,2010,34500
508,male,2010,148105
638,male,2010,62707
646,male,2010,214048
690,male,2010,7804
706,male,2010,25213
728,male,2010,132693
800,male,2010,241903
834,male,2010,154591
894,male,2010,75941
716,male,2010,227201
911,male,2010,1238391
24,male,2010,160275
120,male,2010,161485
140,male,2010,49743
148,male,2010,186773
178,male,2010,231105
180,male,2010,284244
226,male,2010,4734
266,male,2010,158680
678,male,2010,1352
913,male,2010,1351682
72,male,2010,53881
748,male,2010,16790
426,male,2010,3469
516,male,2010,55803
710,male,2010,1221739
914,male,2010,3385347
204,male,2010,143575
854,male,2010,320939
132,male,2010,7293
384,male,2010,1310459
270,male,2010,98086
288,male,2010,179647
324,male,2010,92899
624,male,2010,10307
430,male,2010,56885
466,male,2010,172066
478,male,2010,48605
562,male,2010,60033
566,male,2010,575671
654,male,2010,136
686,male,2010,135879
694,male,2010,43515
768,male,2010,129352
1833,male,2010,21117316
912,male,2010,1153706
12,male,2010,114727
818,male,2010,174104
434,male,2010,489737
504,male,2010,35738
729,male,2010,314552
788,male,2010,22236
732,male,2010,2612
922,male,2010,19963610
51,male,2010,85669
31,male,2010,129512
48,male,2010,475905
196,male,2010,83931
268,male,2010,31972
368,male,2010,72965
376,male,2010,890352
400,male,2010,1384313
414,male,2010,1309814
422,male,2010,427358
512,male,2010,658746
634,male,2010,1206571
682,male,2010,5933281
275,male,2010,114688
760,male,2010,913004
792,male,2010,625960
784,male,2010,5463446
887,male,2010,156123
921,male,2010,9985922
5500,male,2010,2490544
398,male,2010,1625155
417,male,2010,94596
762,male,2010,121780
795,male,2010,90634
860,male,2010,558379
5501,male,2010,7495378
4,male,2010,57709
50,male,2010,710548
64,male,2010,39283
356,male,2010,2789748
364,male,2010,1571723
462,male,2010,41712
524,male,2010,189518
586,male,2010,2074443
144,male,2010,20694
1832,male,2010,7869234
906,male,2010,3331226
156,male,2010,505758
344,male,2010,1147539
446,male,2010,146407
408,male,2010,21766
392,male,2010,972481
496,male,2010,11880
410,male,2010,525395
920,male,2010,4538008
96,male,2010,56723
116,male,2010,43385
360,male,2010,174864
418,male,2010,20133
458,male,2010,1469977
104,male,2010,41574
608,male,2010,107933
702,male,2010,956856
764,male,2010,1624755
626,male,2010,5837
704,male,2010,35971
1830,male,2010,4106262
915,male,2010,678006
660,male,2010,2415
28,male,2010,11788
533,male,2010,15311
44,male,2010,27878
52,male,2010,14746
92,male,2010,8415
535,male,2010,5530
136,male,2010,12310
192,male,2010,2904
531,male,2010,14195
212,male,2010,4200
214,male,2010,238742
308,male,2010,3463
312,male,2010,42768
332,male,2010,9548
388,male,2010,12024
474,male,2010,26330
500,male,2010,664
630,male,2010,142939
659,male,2010,3806
662,male,2010,4377
670,male,2010,2302
534,male,2010,12570
780,male,2010,23152
796,male,2010,8907
850,male,2010,26722
916,male,2010,874453
84,male,2010,23459
188,male,2010,195873
222,male,2010,19148
320,male,2010,30917
340,male,2010,14306
484,male,2010,490691
558,male,2010,19128
591,male,2010,80931
931,male,2010,2553803
32,male,2010,831696
68,male,2010,64380
76,male,2010,319882
152,male,2010,178111
170,male,2010,65622
218,male,2010,167773
238,male,2010,807
254,male,2010,46564
328,male,2010,7023
600,male,2010,83394
604,male,2010,56097
740,male,2010,21658
858,male,2010,34535
862,male,2010,676261
927,male,2010,3381077
36,male,2010,2922030
554,male,2010,459047
928,male,2010,61522
242,male,2010,7137
540,male,2010,32886
598,male,2010,18466
90,male,2010,1546
548,male,2010,1487
954,male,2010,57921
316,male,2010,38924
296,male,2010,1512
584,male,2010,1895
583,male,2010,1503
520,male,2010,653
580,male,2010,10223
585,male,2010,3211
957,male,2010,38590
16,male,2010,12098
184,male,2010,1895
258,male,2010,18037
570,male,2010,319
882,male,2010,2594
772,male,2010,206
776,male,2010,2500
798,male,2010,121
876,male,2010,820
1829,male,2010,59055300
917,male,2010,34110740
923,male,2010,9035538
112,male,2010,499384
100,male,2010,33841
203,male,2010,236160
348,male,2010,210212
616,male,2010,262263
498,male,2010,52198
642,male,2010,87667
643,male,2010,5514401
703,male,2010,66938
804,male,2010,2072474
924,male,2010,5474205
830,male,2010,36982
208,male,2010,242029
233,male,2010,87644
234,male,2010,2700
246,male,2010,115105
352,male,2010,17619
372,male,2010,360440
833,male,2010,21361
428,male,2010,124675
440,male,2010,69606
578,male,2010,268505
752,male,2010,673083
826,male,2010,3454456
925,male,2010,7872725
8,male,2010,26901
20,male,2010,27287.000000000004
70,male,2010,18504
191,male,2010,268466
292,male,2010,5171
300,male,2010,640731
336,male,2010,375
380,male,2010,2663889
470,male,2010,17118
499,male,2010,31639
807,male,2010,54067
620,male,2010,371536
674,male,2010,2761
688,male,2010,364757
705,male,2010,141285
724,male,2010,3238238
926,male,2010,11728272
40,male,2010,608918
56,male,2010,726881
250,male,2010,3554527
276,male,2010,4848689
438,male,2010,10867
442,male,2010,81420
492,male,2010,10325
528,male,2010,881264
756,male,2010,1005381
918,male,2010,24944560
60,male,2010,9202
124,male,2010,3236539
304,male,2010,4119
666,male,2010,531
840,male,2010,21694169
900,male,2015,128863389
901,male,2015,67824389
902,male,2015,61039000
941,male,2015,6784461
934,male,2015,54254539
1503,male,2015,83439478
1517,male,2015,39344221
1502,male,2015,26006485
1501,male,2015,13337736
1500,male,2015,5842192
903,male,2015,12505720
935,male,2015,44702308
908,male,2015,35934501
904,male,2015,4721847
905,male,2015,26993701
909,male,2015,4005312
947,male,2015,11232028
910,male,2015,3386950
108,male,2015,142790
174,male,2015,6071
262,male,2015,59081
232,male,2015,8833
231,male,2015,591409
404,male,2015,562909
450,male,2015,18270
454,male,2015,110893
480,male,2015,15832
175,male,2015,34235
508,male,2015,155510
638,male,2015,64537
646,male,2015,256327
690,male,2015,8954
706,male,2015,21584
728,male,2015,430949
800,male,2015,415845
834,male,2015,190617
894,male,2015,66651
716,male,2015,225653
911,male,2015,1836077
24,male,2015,304635
120,male,2015,251311
140,male,2015,43163
148,male,2015,215640
178,male,2015,213764
180,male,2015,401058
226,male,2015,161527
266,male,2015,243782
678,male,2015,1197
913,male,2015,2255793
72,male,2015,58769
748,male,2015,16627
426,male,2015,3558
516,male,2015,54739
710,male,2015,2122100
914,male,2015,3753208
204,male,2015,172056
854,male,2015,335328
132,male,2015,7547
384,male,2015,1366634
270,male,2015,101501
288,male,2015,221026
324,male,2015,74060
624,male,2015,10826
430,male,2015,64879
466,male,2015,213218
478,male,2015,94070
562,male,2015,119915
566,male,2015,657887
654,male,2015,251
686,male,2015,141402
694,male,2015,33068
768,male,2015,139540
1833,male,2015,27111882
912,male,2015,1273692
12,male,2015,126522
818,male,2015,207433
434,male,2015,549153
504,male,2015,46387
729,male,2015,311885
788,male,2015,29253
732,male,2015,3059
922,male,2015,25838190
51,male,2015,77436
31,male,2015,126600
48,male,2015,508966
196,male,2015,84153
268,male,2015,33570
368,male,2015,209233
376,male,2015,912899
400,male,2015,1567177
414,male,2015,1901855
422,male,2015,948425
512,male,2015,1552000
634,male,2015,1416361
682,male,2015,7461502
275,male,2015,113237
760,male,2015,445050
792,male,2015,2390166
784,male,2015,5890170
887,male,2015,199390
921,male,2015,9848815
5500,male,2015,2596335
398,male,2015,1757828
417,male,2015,82616
762,male,2015,118639
795,male,2015,91531
860,male,2015,545721
5501,male,2015,7252480
4,male,2015,248212
50,male,2015,752035
64,male,2015,43396
356,male,2015,2684680
364,male,2015,1445236
462,male,2015,56345
524,male,2015,156361
586,male,2015,1845470
144,male,2015,20745
1832,male,2015,9015303
906,male,2015,3623546
156,male,2015,600136
344,male,2015,1119957
446,male,2015,174589
408,male,2015,24110
392,male,2015,1050070
496,male,2015,13284
410,male,2015,641400
920,male,2015,5391757
96,male,2015,58181
116,male,2015,39854
360,male,2015,196717
418,male,2015,29335
458,male,2015,1996220
104,male,2015,40178
608,male,2015,109783
702,male,2015,1122986
764,male,2015,1751187
626,male,2015,5148
704,male,2015,42168
1830,male,2015,4721847
915,male,2015,795477
660,male,2015,2593
28,male,2015,12524
533,male,2015,16108
44,male,2015,29994
52,male,2015,15488
92,male,2015,9430
535,male,2015,6292
136,male,2015,13398
192,male,2015,2294
531,male,2015,15467
212,male,2015,4215
214,male,2015,353448
308,male,2015,3502
312,male,2015,43858
332,male,2015,10025
388,male,2015,11766
474,male,2015,26989
500,male,2015,696
630,male,2015,130916
659,male,2015,3916
662,male,2015,4179
670,male,2015,2355
534,male,2015,13077
780,male,2015,24464
796,male,2015,11755
850,male,2015,26728
916,male,2015,933844
84,male,2015,27502
188,male,2015,197613
222,male,2015,19996
320,male,2015,37136
340,male,2015,20116
484,male,2015,515917
558,male,2015,20723
591,male,2015,94841
931,male,2015,2992526
32,male,2015,960310
68,male,2015,74939
76,male,2015,386838
152,male,2015,301441
170,male,2015,74108
218,male,2015,200352
238,male,2015,873
254,male,2015,50399
328,male,2015,8229
600,male,2015,81303
604,male,2015,91090
740,male,2015,23544
858,male,2015,35642
862,male,2015,703458
927,male,2015,3846117
36,male,2015,3343330
554,male,2015,502787
928,male,2015,65369
242,male,2015,7421
540,male,2015,36181
598,male,2015,18734
90,male,2015,1450
548,male,2015,1583
954,male,2015,57436
316,male,2015,39246
296,male,2015,1539
584,male,2015,2011
583,male,2015,1473
520,male,2015,1071
580,male,2015,9100
585,male,2015,2996
957,male,2015,36390
16,male,2015,11998
184,male,2015,1741
258,male,2015,17136
570,male,2015,319
882,male,2015,2148
772,male,2015,233
776,male,2015,2158
798,male,2015,126
876,male,2015,531
1829,male,2015,62928202
917,male,2015,35934501
923,male,2015,9399126
112,male,2015,495961
100,male,2015,60058
203,male,2015,239228
348,male,2015,235719
616,male,2015,259789
498,male,2015,43467
642,male,2015,146758
643,male,2015,5715211
703,male,2015,89011
804,male,2015,2113924
924,male,2015,6391582
830,male,2015,39338
208,male,2015,291431
233,male,2015,80024
234,male,2015,2783
246,male,2015,159315
352,male,2015,19070
372,male,2015,376338
833,male,2015,20596
428,male,2015,104011
440,male,2015,57508
578,male,2015,389370
752,male,2015,828027
826,male,2015,4023771
925,male,2015,7427071
8,male,2015,26517
20,male,2015,21485
70,male,2015,18400
191,male,2015,260473
292,male,2015,5591
300,male,2015,570528
336,male,2015,376
380,male,2015,2637798
470,male,2015,28332
499,male,2015,28178
807,male,2015,54496
620,male,2015,398390
674,male,2015,2867
688,male,2015,355180
705,male,2015,134460
724,male,2015,2884000
926,male,2015,12716722
40,male,2015,716470
56,male,2015,869989
250,male,2015,3806413
276,male,2015,5037961
438,male,2015,11605
442,male,2015,126129
492,male,2015,12599
528,male,2015,952313
756,male,2015,1183243
918,male,2015,26993701
60,male,2015,9336
124,male,2015,3533164
304,male,2015,3812
666,male,2015,516
840,male,2015,23446873
900,male,2019,141488004
901,male,2019,73765353
902,male,2019,67722651
941,male,2019,8086158
934,male,2019,59636493
1503,male,2019,92206429
1517,male,2019,42620527
1502,male,2019,28541726
1501,male,2019,14078801
1500,male,2019,6414592
903,male,2019,14060898
935,male,2019,48858845
908,male,2019,40007661
904,male,2019,5847136
905,male,2019,28288272
909,male,2019,4425192
947,male,2019,12386026
910,male,2019,3965291
108,male,2019,158163
174,male,2019,6047
262,male,2019,60654
232,male,2019,8922
231,male,2019,637963
404,male,2019,522321
450,male,2019,19897
454,male,2019,117932
480,male,2019,15979
175,male,2019,34537
508,male,2019,161731
638,male,2019,65524
646,male,2019,269917
690,male,2019,9049
706,male,2019,27184
728,male,2019,441677
800,male,2019,836620
834,male,2019,251424
894,male,2019,86098
716,male,2019,233652
911,male,2019,2001672
24,male,2019,341719
120,male,2019,250177
140,male,2019,48004
148,male,2019,236334
178,male,2019,220238
180,male,2019,463954
226,male,2019,175403
266,male,2019,264758
678,male,2019,1085
913,male,2019,2491576
72,male,2019,62943
748,male,2019,16582
426,male,2019,3751
516,male,2019,57938
710,male,2019,2350362
914,male,2019,3927487
204,male,2019,183593
854,male,2019,341830
132,male,2019,7922
384,male,2019,1411575
270,male,2019,113552
288,male,2019,249224
324,male,2019,70695
624,male,2019,12990
430,male,2019,53857
466,male,2019,237428
478,male,2019,97766
562,male,2019,139426
566,male,2019,689321
654,male,2019,302
686,male,2019,145996
694,male,2019,30724
768,male,2019,141286
1833,male,2019,31329318
912,male,2019,1674872
12,male,2019,131596
818,male,2019,271048
434,male,2019,582673
504,male,2019,49479
729,male,2019,607151
788,male,2019,29744
732,male,2019,3181
922,male,2019,29654446
51,male,2019,78001
31,male,2019,121640
48,male,2019,535728
196,male,2019,85208
268,male,2019,34583
368,male,2019,214288
376,male,2019,887768
400,male,2019,1685358
414,male,2019,2013803
422,male,2019,895875
512,male,2019,1911526
634,male,2019,1845678
682,male,2019,9001182
275,male,2019,112452
760,male,2019,444710
792,male,2019,3258212
784,male,2019,6326020
887,male,2019,202414
921,male,2019,9924905
5500,male,2019,2673333
398,male,2019,1836893
417,male,2019,80945
762,male,2019,118207
795,male,2019,92240
860,male,2019,545048
5501,male,2019,7251572
4,male,2019,74974
50,male,2019,1124293
64,male,2019,45220
356,male,2019,2640513
364,male,2019,1421804
462,male,2019,60709
524,male,2019,148487
586,male,2019,1714663
144,male,2019,20909
1832,male,2019,9279494
906,male,2019,3860985
156,male,2019,632550
344,male,2019,1143329
446,male,2019,185502
408,male,2019,24576
392,male,2019,1208168
496,male,2019,14114
410,male,2019,652746
920,male,2019,5418509
96,male,2019,62660
116,male,2019,42379
360,male,2019,205451
418,male,2019,31099
458,male,2019,2097159
104,male,2019,41652
608,male,2019,113239
702,male,2019,950192
764,male,2019,1825505
626,male,2019,5086
704,male,2019,44087
1830,male,2019,5847136
915,male,2019,815111
660,male,2019,2694
28,male,2019,13026
533,male,2019,16295
44,male,2019,31844
52,male,2019,15638
92,male,2019,10242
535,male,2019,7494
136,male,2019,14838
192,male,2019,2097
531,male,2019,16813
212,male,2019,4303
214,male,2019,365261
308,male,2019,3536
312,male,2019,44537
332,male,2019,10426
388,male,2019,11920
474,male,2019,26953
500,male,2019,709
630,male,2019,123980
659,male,2019,3992
662,male,2019,4026
670,male,2019,2398
534,male,2019,13540
780,male,2019,29114
796,male,2019,12695
850,male,2019,26740
916,male,2019,958952
84,male,2019,30180
188,male,2019,201934
222,male,2019,20269
320,male,2019,38117
340,male,2019,20440
484,male,2019,531912
558,male,2019,21704
591,male,2019,94396
931,male,2019,4073073
32,male,2019,1018573
68,male,2019,81818
76,male,2019,435661
152,male,2019,442929
170,male,2019,575805
218,male,2019,197162
238,male,2019,1057
254,male,2019,55751
328,male,2019,8398
600,male,2019,83412
604,male,2019,424317
740,male,2019,25227
858,male,2019,36988
862,male,2019,685975
927,male,2019,4261252
36,male,2019,3744438
554,male,2019,516814
928,male,2019,67537
242,male,2019,7576
540,male,2019,37984
598,male,2019,18944
90,male,2019,1421
548,male,2019,1612
954,male,2019,59558
316,male,2019,41185
296,male,2019,1594
584,male,2019,2019
583,male,2019,1508
520,male,2019,1206
580,male,2019,9171
585,male,2019,2875
957,male,2019,36845
16,male,2019,12012
184,male,2019,1748
258,male,2019,17791
570,male,2019,319
882,male,2019,2038
772,male,2019,242
776,male,2019,2048
798,male,2019,131
876,male,2019,516
1829,male,2019,68295933
917,male,2019,40007661
923,male,2019,9646014
112,male,2019,489770
100,male,2019,82718
203,male,2019,293245
348,male,2019,253884
616,male,2019,289754
498,male,2019,42839
642,male,2019,248851
643,male,2019,5713879
703,male,2019,96010
804,male,2019,2135064
924,male,2019,7325252
830,male,2019,40068
208,male,2019,357366
233,male,2019,80616
234,male,2019,3287
246,male,2019,196188
352,male,2019,27554
372,male,2019,414452
833,male,2019,20901
428,male,2019,93396
440,male,2019,49293
578,male,2019,451599
752,male,2019,1008536
826,male,2019,4581996
925,male,2019,7740114
8,male,2019,25054
20,male,2019,23091.000000000007
70,male,2019,17017
191,male,2019,239681
292,male,2019,5646
300,male,2019,560208
336,male,2019,373
380,male,2019,2908119
470,male,2019,45986
499,male,2019,27982
807,male,2019,54682
620,male,2019,411750
674,male,2019,2936
688,male,2019,361216
705,male,2019,142626
724,male,2019,2913747
926,male,2019,15296281
40,male,2019,873536
56,male,2019,979191
250,male,2019,4019290
276,male,2019,6881990
438,male,2019,12406
442,male,2019,148670
492,male,2019,12851
528,male,2019,1103004
756,male,2019,1265343
918,male,2019,28288272
60,male,2019,9439
124,male,2019,3786190
304,male,2019,3742
666,male,2019,519
840,male,2019,24488382
900,female,1990,75349784
901,female,1990,42340418
902,female,1990,33009366
941,female,1990,5509988
934,female,1990,27499378
1503,female,1990,37812794
1517,female,1990,32485230
1502,female,1990,16413465
1501,female,1990,16071765
1500,female,1990,4909022
903,female,1990,7410539
935,female,1990,22452490
908,female,1990,25488843
904,female,1990,3568493
905,female,1990,14113182
909,female,1990,2316237
947,female,1990,6237924
910,female,1990,2889827
108,female,1990,169843
174,female,1990,7362
262,female,1990,57979
232,female,1990,5620
231,female,1990,548106
404,female,1990,136830
450,female,1990,10569
454,female,1990,581204
480,female,1990,1850
175,female,1990,6449
508,female,1990,56272
638,female,1990,26486
646,female,1990,79261
690,female,1990,1517
706,female,1990,234093
800,female,1990,260936
834,female,1990,290635
894,female,1990,136434
716,female,1990,278381
911,female,1990,716302
24,female,1990,15375
120,female,1990,120098
140,female,1990,31548
148,female,1990,34209
178,female,1990,65075
180,female,1990,391077
226,female,1990,1275
266,female,1990,55016
678,female,1990,2629
913,female,1990,553453
72,female,1990,10896
748,female,1990,35086
426,female,1990,3922
516,female,1990,56893
710,female,1990,446656
914,female,1990,2078342
204,female,1990,36333
854,female,1990,181818
132,female,1990,4502
384,female,1990,804677
270,female,1990,51817
288,female,1990,81821
324,female,1990,202361
624,female,1990,7679
430,female,1990,41040
466,female,1990,78687
478,female,1990,54081
562,female,1990,60242
566,female,1990,200455
654,female,1990,68
686,female,1990,131570
694,female,1990,99250
768,female,1990,41941
1833,female,1990,7471631
912,female,1990,1172615
12,female,1990,123720
818,female,1990,81838
434,female,1990,214368
504,female,1990,25871
729,female,1990,706511
788,female,1990,19084
732,female,1990,1223
922,female,1990,6299016
51,female,1990,388254
31,female,1990,202744
48,female,1990,50482
196,female,1990,23342
268,female,1990,171185
368,female,1990,27887
376,female,1990,861927
400,female,1990,559876
414,female,1990,419513
422,female,1990,255771
512,female,1990,61523
634,female,1990,83821
682,female,1990,1673572
275,female,1990,156231
760,female,1990,350063
792,female,1990,586357
784,female,1990,374615
887,female,1990,51853
921,female,1990,12825499
5500,female,1990,3658339
398,female,1990,1953036
417,female,1990,362667
762,female,1990,240928
795,female,1990,172326
860,female,1990,929382
5501,female,1990,9167160
4,female,1990,25128
50,female,1990,405520
64,female,1990,4398
356,female,1990,3627331
364,female,1990,1834901
462,female,1990,3912
524,female,1990,304008
586,female,1990,2943824
144,female,1990,18138
1832,female,1990,3327975
906,female,1990,1962463
156,female,1990,184407
344,female,1990,1093929
446,female,1990,108668
408,female,1990,16710
392,female,1990,536552
496,female,1990,3299
410,female,1990,18898
920,female,1990,1365512
96,female,1990,31344
116,female,1990,19291
360,female,1990,235727
418,female,1990,11060
458,female,1990,290112
104,female,1990,61235
608,female,1990,72724
702,female,1990,381420
764,female,1990,245207
626,female,1990,4504
704,female,1990,12888
1830,female,1990,3568493
915,female,1990,506850
660,female,1990,1312
28,female,1990,6254
533,female,1990,8015
44,female,1990,13028
52,female,1990,13959
92,female,1990,3909
535,female,1990,21153
136,female,1990,4728
192,female,1990,17277
212,female,1990,1210
214,female,1990,109474
308,female,1990,2157
312,female,1990,33226
332,female,1990,8478
388,female,1990,10494
474,female,1990,19614
500,female,1990,984
630,female,1990,168555
659,female,1990,1568
662,female,1990,2687
670,female,1990,2042
780,female,1990,27138
796,female,1990,2442
850,female,1990,27146
916,female,1990,926578
84,female,1990,14011
188,female,1990,205455
222,female,1990,25142
320,female,1990,151642
340,female,1990,132850
484,female,1990,347321
558,female,1990,20561
591,female,1990,29596
931,female,1990,2135065
32,female,1990,861789
68,female,1990,36209
76,female,1990,372370
152,female,1990,52954
170,female,1990,51168
218,female,1990,40132
238,female,1990,367
254,female,1990,28769
328,female,1990,1895
600,female,1990,93068
604,female,1990,28312
740,female,1990,8316
858,female,1990,52286
862,female,1990,507430
927,female,1990,2201841
36,female,1990,1942017
554,female,1990,259824
928,female,1990,40488
242,female,1990,6436
540,female,1990,16788
598,female,1990,14348
90,female,1990,1877
548,female,1990,1039
954,female,1990,48111
316,female,1990,30391
296,female,1990,1055
584,female,1990,437
583,female,1990,1586
520,female,1990,1309
580,female,1990,12332
585,female,1990,1001
957,female,1990,25797
16,female,1990,10108
184,female,1990,1144
258,female,1990,10386
570,female,1990,216
882,female,1990,1586
772,female,1990,120
776,female,1990,1423
798,female,1990,138
876,female,1990,676
1829,female,1990,39602025
917,female,1990,25488843
923,female,1990,11795612
112,female,1990,676956
100,female,1990,12463
203,female,1990,52989
348,female,1990,191325
616,female,1990,645595
498,female,1990,306109
642,female,1990,78224
643,female,1990,5869526
703,female,1990,23108
804,female,1990,3939317
924,female,1990,3469184
830,female,1990,32655
208,female,1990,120778
233,female,1990,210306
234,female,1990,1845
246,female,1990,31573
352,female,1990,5336
372,female,1990,115868
833,female,1990,18398
428,female,1990,355207
440,female,1990,184673
578,female,1990,93025
752,female,1990,405682
826,female,1990,1893838
925,female,1990,2277448
8,female,1990,35434
20,female,1990,17901.000000000004
70,female,1990,29462
191,female,1990,252907
292,female,1990,4181
300,female,1990,288101
336,female,1990,392
380,female,1990,785805
470,female,1990,8065
807,female,1990,55481
620,female,1990,225860
674,female,1990,1582
688,female,1990,52557
705,female,1990,88563
724,female,1990,431157
926,female,1990,7946599
40,female,1990,424952
56,female,1990,626040
250,female,1990,2897891
276,female,1990,2643053
438,female,1990,4950
442,female,1990,57733
492,female,1990,10888
528,female,1990,589920
756,female,1990,691172
918,female,1990,14113182
60,female,1990,8126
124,female,1990,2223666
304,female,1990,2810
666,female,1990,539
840,female,1990,11878041
900,female,1995,79630779
901,female,1995,47557507
902,female,1995,32073272
941,female,1995,5857700
934,female,1995,26215572
1503,female,1995,43679245
1517,female,1995,30428856
1502,female,1995,16518420
1501,female,1995,13910436
1500,female,1995,5347591
903,female,1995,7737176
935,female,1995,21548577
908,female,1995,27576828
904,female,1995,3342289
905,female,1995,16939083
909,female,1995,2486826
947,female,1995,6761344
910,female,1995,2413817
108,female,1995,130688
174,female,1995,7325
262,female,1995,47298
232,female,1995,5858
231,female,1995,382787
404,female,1995,296556
450,female,1995,9276
454,female,1995,125426
480,female,1995,4265
175,female,1995,11637
508,female,1995,77046
638,female,1995,36449
646,female,1995,105952
690,female,1995,2127
706,female,1995,9245
800,female,1995,298706
834,female,1995,558954
894,female,1995,119009
716,female,1995,185213
911,female,1995,1307038
24,female,1995,19058
120,female,1995,110846
140,female,1995,46737
148,female,1995,41286
178,female,1995,95813
180,female,1995,915584
226,female,1995,1699
266,female,1995,73627
678,female,1995,2388
913,female,1995,483270
72,female,1995,16651
748,female,1995,16456
426,female,1995,3377
516,female,1995,54062
710,female,1995,392724
914,female,1995,2557219
204,female,1995,49399
854,female,1995,240948
132,female,1995,4888
384,female,1995,925684
270,female,1995,68842
288,female,1995,125456
324,female,1995,387968
624,female,1995,14128
430,female,1995,96916
466,female,1995,85316
478,female,1995,42547
562,female,1995,76248
566,female,1995,204908
654,female,1995,47
686,female,1995,140489
694,female,1995,42579
768,female,1995,50856
1833,female,1995,7864355
912,female,1995,975832
12,female,1995,118336
818,female,1995,78410
434,female,1995,207135
504,female,1995,24096
729,female,1995,527695
788,female,1995,18822
732,female,1995,1338
922,female,1995,6888523
51,female,1995,409004
31,female,1995,194561
48,female,1995,61752
196,female,1995,34337
268,female,1995,85592
368,female,1995,84639
376,female,1995,961855
400,female,1995,752372
414,female,1995,330502
422,female,1995,297690
512,female,1995,122199
634,female,1995,91701
682,female,1995,1706217
275,female,1995,153439
760,female,1995,407495
792,female,1995,622235
784,female,1995,514250
887,female,1995,58683
921,female,1995,10511124
5500,female,1995,3249196
398,female,1995,1754513
417,female,1995,301700
762,female,1995,196453
795,female,1995,141443
860,female,1995,855087
5501,female,1995,7261928
4,female,1995,32417
50,female,1995,430746
64,female,1995,5168
356,female,1995,3343260
364,female,1995,1231696
462,female,1995,9267
524,female,1995,473137
586,female,1995,1718085
144,female,1995,18152
1832,female,1995,4148930
906,female,1995,2365493
156,female,1995,219180
344,female,1995,1268711
446,female,1995,121269
408,female,1995,17581
392,female,1995,682159
496,female,1995,3465
410,female,1995,53128
920,female,1995,1783437
96,female,1995,36916
116,female,1995,46869
360,female,1995,187360
418,female,1995,11327
458,female,1995,402404
104,female,1995,52174
608,female,1995,99821
702,female,1995,535081
764,female,1995,383430
626,female,1995,4980
704,female,1995,23075
1830,female,1995,3342289
915,female,1995,555411
660,female,1995,1733
28,female,1995,9504
533,female,1995,12300
44,female,1995,15034
52,female,1995,14989
92,female,1995,5012
535,female,1995,23428
136,female,1995,6327
192,female,1995,13628
212,female,1995,1498
214,female,1995,124539
308,female,1995,2798
312,female,1995,38318
332,female,1995,8053
388,female,1995,11471
474,female,1995,24328
500,female,1995,787
630,female,1995,177328
659,female,1995,2052
662,female,1995,3592
670,female,1995,2124
780,female,1995,24691
796,female,1995,3396
850,female,1995,28481
916,female,1995,655672
84,female,1995,15934
188,female,1995,179802
222,female,1995,20973
320,female,1995,89275
340,female,1995,73365
484,female,1995,228960
558,female,1995,13255
591,female,1995,34108
931,female,1995,2131206
32,female,1995,842042
68,female,1995,40792
76,female,1995,345405
152,female,1995,72785
170,female,1995,52277
218,female,1995,57214
238,female,1995,358
254,female,1995,33262
328,female,1995,2947
600,female,1995,88701
604,female,1995,28670
740,female,1995,10229
858,female,1995,50001
862,female,1995,506523
927,female,1995,2359437
36,female,1995,2060050
554,female,1995,299387
928,female,1995,42739
242,female,1995,6275
540,female,1995,19754
598,female,1995,13694
90,female,1995,1850
548,female,1995,1166
954,female,1995,55641
316,female,1995,33090
296,female,1995,1084
584,female,1995,564
583,female,1995,1223
520,female,1995,1210
580,female,1995,16529
585,female,1995,1941
957,female,1995,29009
16,female,1995,11061
184,female,1995,1189
258,female,1995,11671
570,female,1995,223
882,female,1995,2243
772,female,1995,119
776,female,1995,1556
798,female,1995,115
876,female,1995,832
1829,female,1995,44515911
917,female,1995,27576828
923,female,1995,11331040
112,female,1995,642975
100,female,1995,18793
203,female,1995,77276
348,female,1995,175032
616,female,1995,560676
498,female,1995,211934
642,female,1995,74594
643,female,1995,6003475
703,female,1995,38792
804,female,1995,3527493
924,female,1995,3790650
830,female,1995,32051
208,female,1995,155914
233,female,1995,179487
234,female,1995,1325
246,female,1995,50154
352,female,1995,7011
372,female,1995,118808
833,female,1995,19338
428,female,1995,303877
440,female,1995,144946
578,female,1995,116080
752,female,1995,485077
826,female,1995,2176582
925,female,1995,3270537
8,female,1995,38070
20,female,1995,20618
70,female,1995,36361
191,female,1995,358352
292,female,1995,4185
300,female,1995,412846
336,female,1995,401
380,female,1995,965401
470,female,1995,9374
807,female,1995,63762
620,female,1995,273485
674,female,1995,1719
688,female,1995,480846
705,female,1995,84164
724,female,1995,520953
926,female,1995,9184601
40,female,1995,471591
56,female,1995,636215
250,female,1995,3041910
276,female,1995,3566009
438,female,1995,6243
442,female,1995,63814
492,female,1995,11105
528,female,1995,677928
756,female,1995,709786
918,female,1995,16939083
60,female,1995,8632
124,female,1995,2508673
304,female,1995,2246
666,female,1995,638
840,female,1995,14418894
900,female,2000,85559220
901,female,2000,53160091
902,female,2000,32399129
941,female,2000,5030016
934,female,2000,27369113
1503,female,2000,50568214
1517,female,2000,30249831
1502,female,2000,16927919
1501,female,2000,13321912
1500,female,2000,4526567
903,female,2000,7054986
935,female,2000,22802302
908,female,2000,29357468
904,female,2000,3291755
905,female,2000,20367871
909,female,2000,2684838
947,female,2000,6211237
910,female,2000,2363214
108,female,2000,64534
174,female,2000,7288
262,female,2000,47587
232,female,2000,6096
231,female,2000,289165
404,female,2000,354919
450,female,2000,10265
454,female,2000,121090
480,female,2000,9838
175,female,2000,21928
508,female,2000,92527
638,female,2000,48414
646,female,2000,171335
690,female,2000,2737
706,female,2000,9469
800,female,2000,293421
834,female,2000,467784
894,female,2000,168589
716,female,2000,176228
911,female,2000,860019
24,female,2000,22741
120,female,2000,103234
140,female,2000,57893
148,female,2000,48362
178,female,2000,152773
180,female,2000,379295
226,female,2000,2123
266,female,2000,91445
678,female,2000,2153
913,female,2000,521843
72,female,2000,31094
748,female,2000,16163
426,female,2000,2832
516,female,2000,62393
710,female,2000,409361
914,female,2000,2466161
204,female,2000,62465
854,female,2000,269808
132,female,2000,5274
384,female,2000,965148
270,female,2000,85376
288,female,2000,94322
324,female,2000,280967
624,female,2000,10295
430,female,2000,69739
466,female,2000,91723
478,female,2000,26203
562,female,2000,64068
566,female,2000,217671
654,female,2000,47
686,female,2000,110409
694,female,2000,43790
768,female,2000,68856
1833,female,2000,8261331
912,female,2000,843749
12,female,2000,112952
818,female,2000,86550
434,female,2000,198486
504,female,2000,25801
729,female,2000,400468
788,female,2000,18040
732,female,2000,1452
922,female,2000,7417582
51,female,2000,387730
31,female,2000,186379
48,female,2000,74017
196,female,2000,45331
268,female,2000,42796
368,female,2000,90061
376,female,2000,997597
400,female,2000,944868
414,female,2000,366128
422,female,2000,339608
512,female,2000,135219
634,female,2000,85455
682,female,2000,1745619
275,female,2000,150647
760,female,2000,406935
792,female,2000,664956
784,female,2000,689810
887,female,2000,64426
921,female,2000,10044421
5500,female,2000,2861949
398,female,2000,1550614
417,female,2000,226897
762,female,2000,167846
795,female,2000,116257
860,female,2000,800335
5501,female,2000,7182472
4,female,2000,33069
50,female,2000,455946
64,female,2000,5937
356,female,2000,3107740
364,female,2000,1141541
462,female,2000,12185
524,female,2000,475941
586,female,2000,1931952
144,female,2000,18161
1832,female,2000,5340299
906,female,2000,2841467
156,female,2000,253952
344,female,2000,1443493
446,female,2000,131400
408,female,2000,18452
392,female,2000,889516
496,female,2000,3642
410,female,2000,101012
920,female,2000,2498832
96,female,2000,42489
116,female,2000,74447
360,female,2000,138992
418,female,2000,10384
458,female,2000,640919
104,female,2000,45861
608,female,2000,156191
702,female,2000,750020
764,female,2000,610093
626,female,2000,5507
704,female,2000,23929
1830,female,2000,3291755
915,female,2000,607435
660,female,2000,2153
28,female,2000,12755
533,female,2000,16585
44,female,2000,17040
52,female,2000,16019
92,female,2000,6572
535,female,2000,25703
136,female,2000,9505
192,female,2000,9978
212,female,2000,1768
214,female,2000,139603
308,female,2000,3439
312,female,2000,43410
332,female,2000,7650
388,female,2000,12449
474,female,2000,29041
500,female,2000,589
630,female,2000,186558
659,female,2000,2803
662,female,2000,4911
670,female,2000,2208
780,female,2000,22465
796,female,2000,4350
850,female,2000,29881
916,female,2000,552691
84,female,2000,17857
188,female,2000,154148
222,female,2000,16804
320,female,2000,26908
340,female,2000,13880
484,female,2000,267155
558,female,2000,14966
591,female,2000,40973
931,female,2000,2131629
32,female,2000,822295
68,female,2000,44993
76,female,2000,318440
152,female,2000,92615
170,female,2000,53386
218,female,2000,74296
238,female,2000,431
254,female,2000,37754
328,female,2000,3999
600,female,2000,84556
604,female,2000,33461
740,female,2000,12568
858,female,2000,47779
862,female,2000,505056
927,female,2000,2545236
36,female,2000,2196350
554,female,2000,348886
928,female,2000,42330
242,female,2000,6118
540,female,2000,22719
598,female,2000,10430
90,female,2000,1757
548,female,2000,1306
954,female,2000,65258
316,female,2000,35790
296,female,2000,1095
584,female,2000,727
583,female,2000,1395
520,female,2000,1111
580,female,2000,22735
585,female,2000,2405
957,female,2000,32014
16,female,2000,12014
184,female,2000,1233
258,female,2000,12725
570,female,2000,230
882,female,2000,2897
772,female,2000,118
776,female,2000,1703
798,female,2000,97
876,female,2000,997
1829,female,2000,49725339
917,female,2000,29357468
923,female,2000,10740499
112,female,2000,608993
100,female,2000,25122
203,female,2000,101562
348,female,2000,158738
616,female,2000,486928
498,female,2000,146731
642,female,2000,71133
643,female,2000,5917446
703,female,2000,65123
804,female,2000,3158723
924,female,2000,4189794
830,female,2000,34067
208,female,2000,191049
233,female,2000,148668
234,female,2000,1672
246,female,2000,68734
352,female,2000,8685
372,female,2000,177593
833,female,2000,20277
428,female,2000,252546
440,female,2000,113765
578,female,2000,147614
752,female,2000,523587
826,female,2000,2501537
925,female,2000,3992727
8,female,2000,40705
20,female,2000,20054
70,female,2000,43261
191,female,2000,310475
292,female,2000,4189
300,female,2000,551871
336,female,2000,406
380,female,2000,1144997
470,female,2000,11232
807,female,2000,73280
620,female,2000,331153
674,female,2000,1870
688,female,2000,540271
705,female,2000,99736
724,female,2000,819227
926,female,2000,10434448
40,female,2000,518229
56,female,2000,632093
250,female,2000,3185929
276,female,2000,4488965
438,female,2000,7503
442,female,2000,70464
492,female,2000,11329
528,female,2000,791035
756,female,2000,728901
918,female,2000,20367871
60,female,2000,9137
124,female,2000,2852779
304,female,2000,1985
666,female,2000,702
840,female,2000,17503268
900,female,2005,93754736
901,female,2005,59609215
902,female,2005,34145521
941,female,2005,4845613
934,female,2005,29299908
1503,female,2005,58753262
1517,female,2005,30290484
1502,female,2005,17900488
1501,female,2005,12389996
1500,female,2005,4463965
903,female,2005,7303228
935,female,2005,24143530
908,female,2005,32819139
904,female,2005,3634608
905,female,2005,22818617
909,female,2005,3035614
947,female,2005,6600784
910,female,2005,2227366
108,female,2005,88069
174,female,2005,6923
262,female,2005,40776
232,female,2005,6585
231,female,2005,244517
404,female,2005,372990
450,female,2005,11314
454,female,2005,115730
480,female,2005,10704
175,female,2005,31812
508,female,2005,136771
638,female,2005,55880
646,female,2005,209908
690,female,2005,3177
706,female,2005,9623
800,female,2005,301178
834,female,2005,284170
894,female,2005,124267
716,female,2005,172972
911,female,2005,956544
24,female,2005,31089
120,female,2005,119374
140,female,2005,44213
148,female,2005,192347
178,female,2005,145495
180,female,2005,320579
226,female,2005,3024
266,female,2005,98717
678,female,2005,1706
913,female,2005,672874
72,female,2005,35482
748,female,2005,16023
426,female,2005,2888
516,female,2005,49722
710,female,2005,568759
914,female,2005,2744000
204,female,2005,114007
854,female,2005,311787
132,female,2005,6177
384,female,2005,1010400
270,female,2005,85675
288,female,2005,147658
324,female,2005,117873
624,female,2005,10438
430,female,2005,36005
466,female,2005,124553
478,female,2005,25531
562,female,2005,65291
566,female,2005,404910
654,female,2005,78
686,female,2005,113444
694,female,2005,69429
768,female,2005,100744
1833,female,2005,8925451
912,female,2005,702444
12,female,2005,89156
818,female,2005,119795
434,female,2005,179615
504,female,2005,26836
729,female,2005,268335
788,female,2005,17040
732,female,2005,1667
922,female,2005,8223007
51,female,2005,277718
31,female,2005,166884
48,female,2005,115404
196,female,2005,66744
268,female,2005,40656
368,female,2005,52032
376,female,2005,1021698
400,female,2005,1141769
414,female,2005,414747
422,female,2005,366453
512,female,2005,138318
634,female,2005,147598
682,female,2005,2032014
275,female,2005,146996
760,female,2005,427870
792,female,2005,700298
784,female,2005,892816
887,female,2005,72992
921,female,2005,9393474
5500,female,2005,2822686
398,female,2005,1630207
417,female,2005,181335
762,female,2005,159063
795,female,2005,111839
860,female,2005,740242
5501,female,2005,6570788
4,female,2005,38026
50,female,2005,545472
64,female,2005,7537
356,female,2005,2878096
364,female,2005,1158611
462,female,2005,17966
524,female,2005,444254
586,female,2005,1462618
144,female,2005,18208
1832,female,2005,6527049
906,female,2005,3290427
156,female,2005,299027
344,female,2005,1536114
446,female,2005,148921
408,female,2005,20348
392,female,2005,1080357
496,female,2005,3900
410,female,2005,201760
920,female,2005,3236622
96,female,2005,43176
116,female,2005,56520
360,female,2005,124075
418,female,2005,9441
458,female,2005,784963
104,female,2005,38519
608,female,2005,124445
702,female,2005,951832
764,female,2005,1077281
626,female,2005,5708
704,female,2005,20662
1830,female,2005,3634608
915,female,2005,640400
660,female,2005,2474
28,female,2005,13689
533,female,2005,17981
44,female,2005,21949
52,female,2005,17049
92,female,2005,7615
535,female,2005,27375
136,female,2005,10164
192,female,2005,6683
212,female,2005,2253
214,female,2005,147821
308,female,2005,3478
312,female,2005,47792
332,female,2005,7267
388,female,2005,12051
474,female,2005,31143
500,female,2005,605
630,female,2005,185364
659,female,2005,3181
662,female,2005,4999
670,female,2005,2238
534,female,2005,6815
780,female,2005,24165
796,female,2005,6328
850,female,2005,29921
916,female,2005,693569
84,female,2005,20379
188,female,2005,181840
222,female,2005,18990
320,female,2005,31188
340,female,2005,13431
484,female,2005,352845
558,female,2005,17145
591,female,2005,57751
931,female,2005,2300639
32,female,2005,898278
68,female,2005,51726
76,female,2005,295563
152,female,2005,144946
170,female,2005,51906
218,female,2005,91216
238,female,2005,491
254,female,2005,43739
328,female,2005,5051
600,female,2005,80545
604,female,2005,38918
740,female,2005,15324
858,female,2005,44659
862,female,2005,538277
927,female,2005,2891102
36,female,2005,2458840
554,female,2005,432262
928,female,2005,46396
242,female,2005,5871
540,female,2005,25496
598,female,2005,12186
90,female,2005,1441
548,female,2005,1402
954,female,2005,64621
316,female,2005,36141
296,female,2005,1175
584,female,2005,932
583,female,2005,1340
520,female,2005,1045
580,female,2005,21565
585,female,2005,2423
957,female,2005,33495
16,female,2005,11735
184,female,2005,1553
258,female,2005,13881
570,female,2005,240
882,female,2005,2806
772,female,2005,125
776,female,2005,1977
798,female,2005,94
876,female,2005,1084
1829,female,2005,55637756
917,female,2005,32819139
923,female,2005,10386551
112,female,2005,599994
100,female,2005,34480
203,female,2005,140821
348,female,2005,192571
616,female,2005,425470
498,female,2005,103198
642,female,2005,75009
643,female,2005,5860991
703,female,2005,71775
804,female,2005,2882242
924,female,2005,5024401
830,female,2005,37330
208,female,2005,227286
233,female,2005,139457
234,female,2005,2133
246,female,2005,95740
352,female,2005,13079
372,female,2005,279136
833,female,2005,21261
428,female,2005,221980
440,female,2005,107020
578,female,2005,184700
752,female,2005,587300
826,female,2005,3107979
925,female,2005,6152862
8,female,2005,31746
20,female,2005,23832
70,female,2005,24799
191,female,2005,307628
292,female,2005,4693
300,female,2005,603030
336,female,2005,417
380,female,2005,2134500
470,female,2005,12661
807,female,2005,74447
620,female,2005,394410
674,female,2005,1916
688,female,2005,471760
705,female,2005,100477
724,female,2005,1966546
926,female,2005,11255325
40,female,2005,592652
56,female,2005,627809
250,female,2005,3436741
276,female,2005,4726269
438,female,2005,9464
442,female,2005,75667
492,female,2005,10990
528,female,2005,892683
756,female,2005,883050
918,female,2005,22818617
60,female,2005,9410
124,female,2005,3163147
304,female,2005,2095
666,female,2005,550
840,female,2005,19643415
900,female,2010,106720229
901,female,2010,67204602
902,female,2010,39515627
941,female,2010,5247175
934,female,2010,34268452
1503,female,2010,69216394
1517,female,2010,32160016
1502,female,2010,19405960
1501,female,2010,12754056
1500,female,2010,5094169
903,female,2010,8261956
935,female,2010,28119946
908,female,2010,36567285
904,female,2010,4156171
905,female,2010,26026301
909,female,2010,3588570
947,female,2010,7467400
910,female,2010,2344783
108,female,2010,119436
174,female,2010,6558
262,female,2010,48280
232,female,2010,7073
231,female,2010,270679
404,female,2010,481832
450,female,2010,12495
454,female,2010,113853
480,female,2010,11648
175,female,2010,38257
508,female,2010,158366
638,female,2010,60322
646,female,2010,212853
690,female,2010,3616
706,female,2010,22893
728,female,2010,125212
800,female,2010,251027
834,female,2010,155256
894,female,2010,74021
716,female,2010,171106
911,female,2010,1191909
24,female,2010,171851
120,female,2010,129989
140,female,2010,43723
148,female,2010,230151
178,female,2010,194068
180,female,2010,304706
226,female,2010,3924
266,female,2010,112149
678,female,2010,1348
913,female,2010,1000610
72,female,2010,40733
748,female,2010,15847
426,female,2010,2945
516,female,2010,48023
710,female,2010,893062
914,female,2010,2930098
204,female,2010,165549
854,female,2010,353499
132,female,2010,7080
384,female,2010,1056078
270,female,2010,87677
288,female,2010,157370
324,female,2010,85099
624,female,2010,10754
430,female,2010,42244
466,female,2010,167309
478,female,2010,36074
562,female,2010,66431
566,female,2010,413008
654,female,2010,112
686,female,2010,120213
694,female,2010,35540
768,female,2010,126061
1833,female,2010,11445237
912,female,2010,794556
12,female,2010,102237
818,female,2010,135913
434,female,2010,194261
504,female,2010,35171
729,female,2010,304157
788,female,2010,20936
732,female,2010,1881
922,female,2010,10650681
51,female,2010,125478
31,female,2010,147389
48,female,2010,181951
196,female,2010,107935
268,female,2010,41062
368,female,2010,44424
376,female,2010,1060263
400,female,2010,1338670
414,female,2010,561723
422,female,2010,393297
512,female,2010,157475
634,female,2010,249842
682,female,2010,2496675
275,female,2010,143344
760,female,2010,874557
792,female,2010,741074
784,female,2010,1853251
887,female,2010,132271
921,female,2010,9590408
5500,female,2010,2774394
398,female,2010,1709782
417,female,2010,137469
762,female,2010,158028
795,female,2010,107345
860,female,2010,661770
5501,female,2010,6816014
4,female,2010,44537
50,female,2010,634998
64,female,2010,9137
356,female,2010,2650010
364,female,2010,1189838
462,female,2010,12947
524,female,2010,389139
586,female,2010,1867143
144,female,2010,18265
1832,female,2010,7878857
906,female,2010,3731301
156,female,2010,344103
344,female,2010,1632411
446,female,2010,172099
408,female,2010,22244
392,female,2010,1161670
496,female,2010,4182
410,female,2010,394592
920,female,2010,4147556
96,female,2010,43864
116,female,2010,38592
360,female,2010,130552
418,female,2010,12822
458,female,2010,947418
104,female,2010,34840
608,female,2010,100666
702,female,2010,1207938
764,female,2010,1599376
626,female,2010,5703
704,female,2010,25785
1830,female,2010,4156171
915,female,2010,648873
660,female,2010,2688
28,female,2010,14624
533,female,2010,19016
44,female,2010,26858
52,female,2010,18079
92,female,2010,8659
535,female,2010,5915
136,female,2010,11747
192,female,2010,3736
531,female,2010,20432
212,female,2010,3910
214,female,2010,154978
308,female,2010,3517
312,female,2010,52174
332,female,2010,7630
388,female,2010,11653
474,female,2010,33245
500,female,2010,627
630,female,2010,162030
659,female,2010,3439
662,female,2010,4674
670,female,2010,2267
534,female,2010,13630
780,female,2010,25074
796,female,2010,8309
850,female,2010,29962
916,female,2010,875487
84,female,2010,22901
188,female,2010,209531
222,female,2010,21176
320,female,2010,35467
340,female,2010,12982
484,female,2010,478847
558,female,2010,18205
591,female,2010,76378
931,female,2010,2631811
32,female,2010,974261
68,female,2010,58466
76,female,2010,272686
152,female,2010,197277
170,female,2010,58649
218,female,2010,157593
238,female,2010,629
254,female,2010,49724
328,female,2010,6103
600,female,2010,76905
604,female,2010,48609
740,female,2010,18055
858,female,2010,41768
862,female,2010,671086
927,female,2010,3449346
36,female,2010,2960950
554,female,2010,488396
928,female,2010,49163
242,female,2010,6214
540,female,2010,28272
598,female,2010,11959
90,female,2010,1214
548,female,2010,1504
954,female,2010,57099
316,female,2010,36492
296,female,2010,1356
584,female,2010,1194
583,female,2010,1303
520,female,2010,530
580,female,2010,13945
585,female,2010,2279
957,female,2010,32962
16,female,2010,11457
184,female,2010,1874
258,female,2010,13603
570,female,2010,270
882,female,2010,2528
772,female,2010,223
776,female,2010,2104
798,female,2010,99
876,female,2010,804
1829,female,2010,62593586
917,female,2010,36567285
923,female,2010,10075148
112,female,2010,590994
100,female,2010,42446
203,female,2010,162333
348,female,2010,226404
616,female,2010,380154
498,female,2010,77290
642,female,2010,89544
643,female,2010,5680309
703,female,2010,79381
804,female,2010,2746293
924,female,2010,5870645
830,female,2010,40599
208,female,2010,258743
233,female,2010,130246
234,female,2010,2396
246,female,2010,113376
352,female,2010,17472
372,female,2010,370102
833,female,2010,22086
428,female,2010,189111
440,female,2010,91166
578,female,2010,258294
752,female,2010,711846
826,female,2010,3665208
925,female,2010,8333409
8,female,2010,25883
20,female,2010,24766
70,female,2010,20288
191,female,2010,304782
292,female,2010,5198
300,female,2010,680418
336,female,2010,419
380,female,2010,3124004
470,female,2010,15890
499,female,2010,46873
807,female,2010,75634
620,female,2010,391289
674,female,2010,2119
688,female,2010,461518
705,female,2010,112501
724,female,2010,3041827
926,female,2010,12288083
40,female,2010,667074
56,female,2010,776925
250,female,2010,3755459
276,female,2010,4963574
438,female,2010,11475
442,female,2010,81722
492,female,2010,10807
528,female,2010,951246
756,female,2010,1069801
918,female,2010,26026301
60,female,2010,9682
124,female,2010,3524687
304,female,2010,1972
666,female,2010,486
840,female,2010,22489474
900,female,2015,119997907
901,female,2015,72818928
902,female,2015,47178979
941,female,2015,6846888
934,female,2015,40332091
1503,female,2015,76927104
1517,female,2015,36778878
1502,female,2015,23646792
1501,female,2015,13132086
1500,female,2015,6027533
903,female,2015,10970531
935,female,2015,32529452
908,female,2015,39073718
904,female,2015,4719832
905,female,2015,28639742
909,female,2015,4064632
947,female,2015,10105305
910,female,2015,3329574
108,female,2015,147020
174,female,2015,6484
262,female,2015,53270
232,female,2015,7108
231,female,2015,570233
404,female,2015,563977
450,female,2015,13805
454,female,2015,121910
480,female,2015,12753
175,female,2015,39757
508,female,2015,166284
638,female,2015,62672
646,female,2015,258320
690,female,2015,3837
706,female,2015,19406
728,female,2015,413173
800,female,2015,435330
834,female,2015,193950
894,female,2015,65456
716,female,2015,174829
911,female,2015,1658338
24,female,2015,327543
120,female,2015,257035
140,female,2015,38435
148,female,2015,251328
178,female,2015,176378
180,female,2015,423434
226,female,2015,48084
266,female,2015,134904
678,female,2015,1197
913,female,2015,1804712
72,female,2015,44499
748,female,2015,15725
426,female,2015,3014
516,female,2015,46879
710,female,2015,1694595
914,female,2015,3312681
204,female,2015,194228
854,female,2015,369348
132,female,2015,7377
384,female,2015,1101350
270,female,2015,91039
288,female,2015,193718
324,female,2015,52326
624,female,2015,11507
430,female,2015,48900
466,female,2015,207286
478,female,2015,72482
562,female,2015,133083
566,female,2015,541228
654,female,2015,126
686,female,2015,125094
694,female,2015,25745
768,female,2015,137844
1833,female,2015,14940910
912,female,2015,865226
12,female,2015,112951
818,female,2015,146208
434,female,2015,221993
504,female,2015,46037
729,female,2015,308638
788,female,2015,27279
732,female,2015,2120
922,female,2015,14075684
51,female,2015,113763
31,female,2015,137641
48,female,2015,195171
196,female,2015,107867
268,female,2015,43115
368,female,2015,150148
376,female,2015,1098828
400,female,2015,1544849
414,female,2015,964281
422,female,2015,1024779
512,female,2015,304226
634,female,2015,271279
682,female,2015,3309864
275,female,2015,142270
760,female,2015,426124
792,female,2015,1956031
784,female,2015,2104956
887,female,2015,180492
921,female,2015,9594987
5500,female,2015,2796457
398,female,2015,1788232
417,female,2015,121766
762,female,2015,156462
795,female,2015,104845
860,female,2015,625152
5501,female,2015,6798530
4,female,2015,241537
50,female,2015,670770
64,female,2015,7710
356,female,2015,2556280
364,female,2015,1281184
462,female,2015,7928
524,female,2015,353110
586,female,2015,1661050
144,female,2015,18961
1832,female,2015,8858781
906,female,2015,4012851
156,female,2015,377910
344,female,2015,1718708
446,female,2015,201477
408,female,2015,24348
392,female,2015,1182119
496,female,2015,6602
410,female,2015,501687
920,female,2015,4845930
96,female,2015,44552
116,female,2015,34109
360,female,2015,141407
418,female,2015,16203
458,female,2015,1284461
104,female,2015,33131
608,female,2015,102079
702,female,2015,1420652
764,female,2015,1735339
626,female,2015,3372
704,female,2015,30625
1830,female,2015,4719832
915,female,2015,694439
660,female,2015,2877
28,female,2015,15559
533,female,2015,20006
44,female,2015,29312
52,female,2015,18987
92,female,2015,9702
535,female,2015,6710
136,female,2015,12779
192,female,2015,3018
531,female,2015,22144
212,female,2015,3878
214,female,2015,195841
308,female,2015,3555
312,female,2015,54649
332,female,2015,8011
388,female,2015,11401
474,female,2015,34742
500,female,2015,655
630,female,2015,149578
659,female,2015,3527
662,female,2015,4494
670,female,2015,2282
534,female,2015,14218
780,female,2015,25557
796,female,2015,10964
850,female,2015,29993
916,female,2015,945016
84,female,2015,27172
188,female,2015,214084
222,female,2015,22049
320,female,2015,41216
340,female,2015,18201
484,female,2015,512886
558,female,2015,19539
591,female,2015,89869
931,female,2015,3080377
32,female,2015,1125992
68,female,2015,68050
76,female,2015,329730
152,female,2015,338283
170,female,2015,65026
218,female,2015,187161
238,female,2015,698
254,female,2015,55709
328,female,2015,7155
600,female,2015,75159
604,female,2015,63684
740,female,2015,19583
858,female,2015,43157
862,female,2015,700990
927,female,2015,3923349
36,female,2015,3386400
554,female,2015,536949
928,female,2015,53975
242,female,2015,6330
540,female,2015,32700
598,female,2015,12206
90,female,2015,1135
548,female,2015,1604
954,female,2015,56087
316,female,2015,36843
296,female,2015,1380
584,female,2015,1273
583,female,2015,1283
520,female,2015,819
580,female,2015,12548
585,female,2015,1941
957,female,2015,31221
16,female,2015,11515
184,female,2015,1736
258,female,2015,12922
570,female,2015,269
882,female,2015,2104
772,female,2015,254
776,female,2015,1796
798,female,2015,104
876,female,2015,521
1829,female,2015,67713460
917,female,2015,39073718
923,female,2015,10442411
112,female,2015,586944
100,female,2015,63745
203,female,2015,177226
348,female,2015,239789
616,female,2015,359614
498,female,2015,62907
642,female,2015,134290
643,female,2015,5928065
703,female,2015,88613
804,female,2015,2801218
924,female,2015,6877819
830,female,2015,42969
208,female,2015,304445
233,female,2015,114640
234,female,2015,2702
246,female,2015,155541
352,female,2015,20002
372,female,2015,382918
833,female,2015,21642
428,female,2015,161407
440,female,2015,78513
578,female,2015,357005
752,female,2015,848237
826,female,2015,4387798
925,female,2015,8388376
8,female,2015,25514
20,female,2015,20778.999999999996
70,female,2015,20174
191,female,2015,300620
292,female,2015,5474
300,female,2015,672396
336,female,2015,427
380,female,2015,3167530
470,female,2015,24310
499,female,2015,43541
807,female,2015,76234
620,female,2015,466424
674,female,2015,2328
688,female,2015,452261
705,female,2015,103156
724,female,2015,3007208
926,female,2015,13365112
40,female,2015,775904
56,female,2015,913499
250,female,2015,4067759
276,female,2015,5182457
438,female,2015,12194
442,female,2015,122759
492,female,2015,13384
528,female,2015,1044005
756,female,2015,1233151
918,female,2015,28639742
60,female,2015,9790
124,female,2015,3895493
304,female,2015,1985
666,female,2015,470
840,female,2015,24732004
900,female,2019,130154101
901,female,2019,78303908
902,female,2019,51850193
941,female,2019,8202865
934,female,2019,43647328
1503,female,2019,83605400
1517,female,2019,39617154
1502,female,2019,25737710
1501,female,2019,13879444
1500,female,2019,6657507
903,female,2019,12468436
935,female,2019,34700352
908,female,2019,42296878
904,female,2019,5826152
905,female,2019,30359550
909,female,2019,4502733
947,female,2019,11187459
910,female,2019,3942885
108,female,2019,162855
174,female,2019,6457
262,female,2019,54687
232,female,2019,7179
231,female,2019,615120
404,female,2019,522533
450,female,2019,15037
454,female,2019,129720
480,female,2019,12870
175,female,2019,40106
508,female,2019,172934
638,female,2019,63629
646,female,2019,270015
690,female,2019,3877
706,female,2019,24947
728,female,2019,423875
800,female,2019,897546
834,female,2019,257742
894,female,2019,84151
716,female,2019,177605
911,female,2019,1783607
24,female,2019,327760
120,female,2019,255515
140,female,2019,42645
148,female,2019,275896
178,female,2019,181904
180,female,2019,499879
226,female,2019,52214
266,female,2019,146705
678,female,2019,1089
913,female,2019,1990075
72,female,2019,47653
748,female,2019,15728
426,female,2019,3177
516,female,2019,49623
710,female,2019,1873894
914,female,2019,3470892
204,female,2019,206519
854,female,2019,376508
132,female,2019,7742
384,female,2019,1137566
270,female,2019,101854
288,female,2019,217556
324,female,2019,49947
624,female,2019,13926
430,female,2019,40591
466,female,2019,230802
478,female,2019,75221
562,female,2019,154735
566,female,2019,567087
654,female,2019,131
686,female,2019,129243
694,female,2019,23608
768,female,2019,137856
1833,female,2019,17262072
912,female,2019,1280977
12,female,2019,117479
818,female,2019,233005
434,female,2019,235543
504,female,2019,49095
729,female,2019,615941
788,female,2019,27711
732,female,2019,2203
922,female,2019,15981095
51,female,2019,112158
31,female,2019,132247
48,female,2019,205433
196,female,2019,106714
268,female,2019,44452
368,female,2019,153774
376,female,2019,1068578
400,female,2019,1661345
414,female,2019,1021042
422,female,2019,967998
512,female,2019,374700
634,female,2019,384010
682,female,2019,4121156
275,female,2019,141283
760,female,2019,423138
792,female,2019,2618617
784,female,2019,2261236
887,female,2019,183214
921,female,2019,9702120
5500,female,2019,2870065
398,female,2019,1868663
417,female,2019,119315
762,female,2019,155864
795,female,2019,102887
860,female,2019,623336
5501,female,2019,6832055
4,female,2019,74788
50,female,2019,1061320
64,female,2019,8034
356,female,2019,2514224
364,female,2019,1260410
462,female,2019,8540
524,female,2019,342315
586,female,2019,1543315
144,female,2019,19109
1832,female,2019,9017137
906,female,2019,4244779
156,female,2019,398321
344,female,2019,1798925
446,female,2019,214070
408,female,2019,24817
392,female,2019,1290723
496,female,2019,7014
410,female,2019,510909
920,female,2019,4772358
96,female,2019,47981
116,female,2019,36270
360,female,2019,147684
418,female,2019,17176
458,female,2019,1333221
104,female,2019,34346
608,female,2019,105291
702,female,2019,1205461
764,female,2019,1809580
626,female,2019,3331
704,female,2019,32017
1830,female,2019,5826152
915,female,2019,709682
660,female,2019,2985
28,female,2019,16181
533,female,2019,20237
44,female,2019,31118
52,female,2019,19169
92,female,2019,10536
535,female,2019,7990
136,female,2019,14147
192,female,2019,2789
531,female,2019,24070
212,female,2019,3961
214,female,2019,202387
308,female,2019,3588
312,female,2019,55493
332,female,2019,8330
388,female,2019,11548
474,female,2019,34694
500,female,2019,666
630,female,2019,142848
659,female,2019,3595
662,female,2019,4357
670,female,2019,2294
534,female,2019,14720
780,female,2019,30135
796,female,2019,11839
850,female,2019,30005
916,female,2019,968736
84,female,2019,29818
188,female,2019,215834
222,female,2019,22348
320,female,2019,42304
340,female,2019,18493
484,female,2019,528795
558,female,2019,20468
591,female,2019,90676
931,female,2019,4147734
32,female,2019,1194306
68,female,2019,74296
76,female,2019,371345
152,female,2019,497063
170,female,2019,566514
218,female,2019,184345
238,female,2019,845
254,female,2019,61621
328,female,2019,7301
600,female,2019,77107
604,female,2019,357852
740,female,2019,20930
858,female,2019,44494
862,female,2019,689715
927,female,2019,4356757
36,female,2019,3804832
554,female,2019,551925
928,female,2019,56027
242,female,2019,6462
540,female,2019,34553
598,female,2019,12268
90,female,2019,1111
548,female,2019,1633
954,female,2019,58420
316,female,2019,38661
296,female,2019,1428
584,female,2019,1277
583,female,2019,1311
520,female,2019,908
580,female,2019,12644
585,female,2019,2191
957,female,2019,31529
16,female,2019,11527
184,female,2019,1743
258,female,2019,13414
570,female,2019,269
882,female,2019,1997
772,female,2019,262
776,female,2019,1704
798,female,2019,107
876,female,2019,506
1829,female,2019,72656428
917,female,2019,42296878
923,female,2019,10632731
112,female,2019,579625
100,female,2019,85798
203,female,2019,219460
348,female,2019,258159
616,female,2019,366231
498,female,2019,61874
642,female,2019,213701
643,female,2019,5926680
703,female,2019,91974
804,female,2019,2829229
924,female,2019,7769672
830,female,2019,43765
208,female,2019,365512
233,female,2019,109626
234,female,2019,3167
246,female,2019,186928
352,female,2019,24850
372,female,2019,419112
833,female,2019,21963
428,female,2019,143870
440,female,2019,67925
578,female,2019,416166
752,female,2019,996674
826,female,2019,4970114
925,female,2019,8763438
8,female,2019,24106
20,female,2019,22011
70,female,2019,18718
191,female,2019,278402
292,female,2019,5526
300,female,2019,651174
336,female,2019,426
380,female,2019,3365603
470,female,2019,38963
499,female,2019,42985
807,female,2019,76493
620,female,2019,476412
674,female,2019,2571
688,female,2019,459096
705,female,2019,110496
724,female,2019,3190456
926,female,2019,15131037
40,female,2019,906321
56,female,2019,1002728
250,female,2019,4315585
276,female,2019,6250156
438,female,2019,13061
442,female,2019,143053
492,female,2019,13660
528,female,2019,1179787
756,female,2019,1306686
918,female,2019,30359550
60,female,2019,9897
124,female,2019,4174467
304,female,2019,1948
666,female,2019,471
840,female,2019,26172767
