geo,sex,year,emigrant
900,male,1990,77661689
other_south,male,1990,3412163
other_north,male,1990,1159981
4,male,1990,3711922
8,male,1990,109462
12,male,1990,521333
16,male,1990,1049
20,male,1990,1769
24,male,1990,405495
660,male,1990,1069
28,male,1990,9817
32,male,1990,203585
51,male,1990,436870
533,male,1990,4742
36,male,1990,140739
40,male,1990,234736
31,male,1990,767943
44,male,1990,10628
48,male,1990,6120
50,male,1990,3162922
52,male,1990,40155
112,male,1990,815549
56,male,1990,157201
84,male,1990,15094
204,male,1990,127252
60,male,1990,34703
64,male,1990,13925
68,male,1990,115446
535,male,1990,1627
70,male,1990,427370
72,male,1990,19235
76,male,1990,226370
92,male,1990,1340
96,male,1990,15605
100,male,1990,300437
854,male,1990,573295
108,male,1990,173900
132,male,1990,42683
116,male,1990,174750
120,male,1990,60068
124,male,1990,367069
136,male,1990,192
140,male,1990,24207
148,male,1990,168103
830,male,1990,8755
152,male,1990,248431
156,male,1990,2197578
344,male,1990,272012
446,male,1990,48482
170,male,1990,458889
174,male,1990,22062
178,male,1990,51516
184,male,1990,8377
188,male,1990,29259
384,male,1990,185637
191,male,1990,214262
192,male,1990,399247
531,male,1990,21911
196,male,1990,90736
203,male,1990,130307
408,male,1990,19237
180,male,1990,217217
208,male,1990,91640
262,male,1990,2890
212,male,1990,19308
214,male,1990,198693
218,male,1990,105646
818,male,1990,822942
222,male,1990,608584
226,male,1990,17710
232,male,1990,89618
233,male,1990,54319
748,male,1990,25590
231,male,1990,856303
238,male,1990,141
234,male,1990,2989
242,male,1990,43627
246,male,1990,101915
250,male,1990,572512
254,male,1990,1251
258,male,1990,1595
266,male,1990,7736
270,male,1990,20808
268,male,1990,446509
276,male,1990,1341083
288,male,1990,187378
292,male,1990,5671
300,male,1990,533599
304,male,1990,3774
308,male,1990,19604
312,male,1990,2590
316,male,1990,694
320,male,1990,175902
324,male,1990,201530
624,male,1990,27432
328,male,1990,110794
332,male,1990,295179
336,male,1990,13
340,male,1990,66907
348,male,1990,192180
352,male,1990,8627
356,male,1990,3808569
360,male,1990,952658
364,male,1990,362238
368,male,1990,854950
372,male,1990,413220
833,male,1990,5098
376,male,1990,139359
380,male,1990,1739405
388,male,1990,268189
392,male,1990,301529
400,male,1990,187416
398,male,1990,1427482
404,male,1990,123049
296,male,1990,1937
414,male,1990,45235
417,male,1990,252638
418,male,1990,237318
428,male,1990,99944
422,male,1990,292677
426,male,1990,145916
430,male,1990,260645
434,male,1990,40088
438,male,1990,1447
440,male,1990,152604
442,male,1990,18562
450,male,1990,25594
454,male,1990,84442
458,male,1990,276687
462,male,1990,1698
466,male,1990,360545
470,male,1990,56497
584,male,1990,707
474,male,1990,5609
478,male,1990,75174
480,male,1990,51465
175,male,1990,986
484,male,1990,2358113
583,male,1990,3935
492,male,1990,2256
496,male,1990,11762
499,male,1990,38819
500,male,1990,3366
504,male,1990,984687
508,male,1990,1202056
104,male,1990,376109
516,male,1990,9361
520,male,1990,627
524,male,1990,389294
528,male,1990,357079
540,male,1990,1928
554,male,1990,196197
558,male,1990,219810
562,male,1990,94787
566,male,1990,255399
570,male,1990,2832
807,male,1990,217104
580,male,1990,1204
578,male,1990,59894
512,male,1990,6450
586,male,1990,1971601
585,male,1990,1369
591,male,1990,66563
598,male,1990,1573
600,male,1990,131629
604,male,1990,150342
608,male,1990,833735
616,male,1990,706964
620,male,1990,965010
630,male,1990,574860
634,male,1990,6028
410,male,1990,808147
498,male,1990,290611
638,male,1990,1571
642,male,1990,377349
643,male,1990,5516075
646,male,1990,276832
654,male,1990,386
659,male,1990,9534
662,male,1990,10053
666,male,1990,240
670,male,1990,17907
882,male,1990,36602
674,male,1990,572
678,male,1990,6742
682,male,1990,57765
686,male,1990,230827
688,male,1990,393867
690,male,1990,17221
694,male,1990,31968
702,male,1990,74563
534,male,1990,7556
703,male,1990,65930
705,male,1990,39984
90,male,1990,1134
706,male,1990,448855
710,male,1990,150244
728,male,1990,266794
724,male,1990,683813
144,male,1990,459025
275,male,1990,888310
729,male,1990,336129
740,male,1990,87554
752,male,1990,87854
756,male,1990,145574
760,male,1990,355555
762,male,1990,264426
764,male,1990,122822
626,male,1990,5921
768,male,1990,95240
772,male,1990,836
776,male,1990,16197
780,male,1990,87603
788,male,1990,281462
792,male,1990,1362030
795,male,1990,127446
796,male,1990,1006
798,male,1990,1203
800,male,1990,157870
804,male,1990,2634767
784,male,1990,44699
826,male,1990,1876268
834,male,1990,107187
840,male,1990,869586
850,male,1990,1175
858,male,1990,116499
860,male,1990,685800
548,male,1990,2646
862,male,1990,83012
704,male,1990,636418
876,male,1990,3664
732,male,1990,92655
887,male,1990,290313
894,male,1990,42599
716,male,1990,105757
900,male,1995,81686116
other_south,male,1995,2781763
other_north,male,1995,1149039
4,male,1995,2086908
8,male,1995,282009
12,male,1995,550248
16,male,1995,1365
20,male,1995,1969
24,male,1995,344806
660,male,1995,1329
28,male,1995,12511
32,male,1995,230277
51,male,1995,456436
533,male,1995,4765
36,male,1995,158928
40,male,1995,228363
31,male,1995,843133
44,male,1995,12642
48,male,1995,13255
50,male,1995,3162339
52,male,1995,42518
112,male,1995,780223
56,male,1995,162039
84,male,1995,17649
204,male,1995,148769
60,male,1995,20713
64,male,1995,59855
68,male,1995,144466
535,male,1995,1866
70,male,1995,668725
72,male,1995,15687
76,male,1995,334246
92,male,1995,1851
96,male,1995,21035
100,male,1995,313040
854,male,1995,681371
108,male,1995,277433
132,male,1995,50378
116,male,1995,205879
120,male,1995,71882
124,male,1995,396508
136,male,1995,364
140,male,1995,25038
148,male,1995,112969
830,male,1995,7477
152,male,1995,245982
156,male,1995,2555230
344,male,1995,304753
446,male,1995,49674
170,male,1995,556642
174,male,1995,27870
178,male,1995,60816
184,male,1995,8150
188,male,1995,35838
384,male,1995,228586
191,male,1995,363146
192,male,1995,446089
531,male,1995,24951
196,male,1995,83481
203,male,1995,159739
408,male,1995,26634
180,male,1995,278319
208,male,1995,94808
262,male,1995,3904
212,male,1995,20809
214,male,1995,286463
218,male,1995,159665
818,male,1995,950798
222,male,1995,463123
226,male,1995,22473
232,male,1995,197414
233,male,1995,60548
748,male,1995,19849
231,male,1995,413020
238,male,1995,339
234,male,1995,4114
242,male,1995,50859
246,male,1995,116240
250,male,1995,645458
254,male,1995,1395
258,male,1995,1871
266,male,1995,8326
270,male,1995,22148
268,male,1995,480839
276,male,1995,1413344
288,male,1995,215800
292,male,1995,4891
300,male,1995,520750
304,male,1995,4555
308,male,1995,24531
312,male,1995,2959
316,male,1995,853
320,male,1995,234893
324,male,1995,207744
624,male,1995,34140
328,male,1995,140250
332,male,1995,364006
336,male,1995,18
340,male,1995,106409
348,male,1995,201673
352,male,1995,10444
356,male,1995,4115988
360,male,1995,1108198
364,male,1995,419868
368,male,1995,758301
372,male,1995,385446
833,male,1995,4363
376,male,1995,145086
380,male,1995,1663905
388,male,1995,324846
392,male,1995,321715
400,male,1995,205789
398,male,1995,1557198
404,male,1995,135358
296,male,1995,2033
414,male,1995,55505
417,male,1995,266045
418,male,1995,270222
428,male,1995,105402
422,male,1995,303653
426,male,1995,94109
430,male,1995,267594
434,male,1995,40788
438,male,1995,1306
440,male,1995,150791
442,male,1995,19258
450,male,1995,28617
454,male,1995,88873
458,male,1995,402529
462,male,1995,1216
466,male,1995,451802
470,male,1995,55532
584,male,1995,2080
474,male,1995,6094
478,male,1995,85266
480,male,1995,51948
175,male,1995,1948
484,male,1995,3746879
583,male,1995,6151
492,male,1995,2391
496,male,1995,12872
499,male,1995,70517
500,male,1995,5198
504,male,1995,1040460
508,male,1995,485281
104,male,1995,494609
516,male,1995,14976
520,male,1995,700
524,male,1995,453522
528,male,1995,364984
540,male,1995,2136
554,male,1995,209538
558,male,1995,216722
562,male,1995,111381
566,male,1995,302205
570,male,1995,2649
807,male,1995,245978
580,male,1995,1279
578,male,1995,65436
512,male,1995,7236
586,male,1995,1997000
585,male,1995,1371
591,male,1995,66034
598,male,1995,2038
600,male,1995,147158
604,male,1995,233472
608,male,1995,1051958
616,male,1995,792771
620,male,1995,987204
630,male,1995,637912
634,male,1995,6700
410,male,1995,896501
498,male,1995,297871
638,male,1995,1258
642,male,1995,459895
643,male,1995,4997721
646,male,1995,1021476
654,male,1995,951
659,male,1995,11982
662,male,1995,13836
666,male,1995,248
670,male,1995,22282
882,male,1995,39841
674,male,1995,1133
678,male,1995,9158
682,male,1995,74269
686,male,1995,221547
688,male,1995,480918
690,male,1995,13271
694,male,1995,230242
702,male,1995,79823
534,male,1995,8613
703,male,1995,95216
705,male,1995,47528
90,male,1995,1281
706,male,1995,507823
710,male,1995,188753
728,male,1995,233701
724,male,1995,635429
144,male,1995,488668
275,male,1995,1129570
729,male,1995,439827
740,male,1995,92300
752,male,1995,97610
756,male,1995,153276
760,male,1995,379907
762,male,1995,289711
764,male,1995,158141
626,male,1995,39834
768,male,1995,148885
772,male,1995,900
776,male,1995,18859
780,male,1995,109815
788,male,1995,281984
792,male,1995,1437641
795,male,1995,119546
796,male,1995,681
798,male,1995,1380
800,male,1995,177884
804,male,1995,2643348
784,male,1995,57444
826,male,1995,1847222
834,male,1995,119451
840,male,1995,920259
850,male,1995,1701
858,male,1995,114568
860,male,1995,746211
548,male,1995,3004
862,male,1995,107385
704,male,1995,805214
876,male,1995,3715
732,male,1995,91863
887,male,1995,312870
894,male,1995,67738
716,male,1995,148058
900,male,2000,88029221
other_south,male,2000,2670428
other_north,male,2000,1107723
4,male,2000,2627404
8,male,2000,454759
12,male,2000,580340
16,male,2000,1629
20,male,2000,2676
24,male,2000,457936
660,male,2000,1586
28,male,2000,15328
32,male,2000,268403
51,male,2000,469689
533,male,2000,4855
36,male,2000,177357
40,male,2000,223303
31,male,2000,845849
44,male,2000,14803
48,male,2000,24584
50,male,2000,3193647
52,male,2000,45132
112,male,2000,735869
56,male,2000,173349
84,male,2000,20423
204,male,2000,174756
60,male,2000,6965
64,male,2000,61418
68,male,2000,174725
535,male,2000,2161
70,male,2000,732016
72,male,2000,16142
76,male,2000,422681
92,male,2000,2381
96,male,2000,27186
100,male,2000,326590
854,male,2000,715933
108,male,2000,388446
132,male,2000,59328
116,male,2000,223795
120,male,2000,85102
124,male,2000,430966
136,male,2000,559
140,male,2000,27494
148,male,2000,107499
830,male,2000,6316
152,male,2000,246879
156,male,2000,2924795
344,male,2000,338537
446,male,2000,51266
170,male,2000,659035
174,male,2000,36958
178,male,2000,70570
184,male,2000,9491
188,male,2000,44763
384,male,2000,271366
191,male,2000,435927
192,male,2000,500263
531,male,2000,28790
196,male,2000,76419
203,male,2000,194082
408,male,2000,36008
180,male,2000,426567
208,male,2000,100508
262,male,2000,5201
212,male,2000,22471
214,male,2000,378717
218,male,2000,217738
818,male,2000,1105651
222,male,2000,480302
226,male,2000,28900
232,male,2000,255453
233,male,2000,65087
748,male,2000,19128
231,male,2000,239368
238,male,2000,530
234,male,2000,5236
242,male,2000,63313
246,male,2000,125863
250,male,2000,748747
254,male,2000,1554
258,male,2000,2126
266,male,2000,8987
270,male,2000,26239
268,male,2000,502619
276,male,2000,1520562
288,male,2000,251589
292,male,2000,4175
300,male,2000,506345
304,male,2000,5367
308,male,2000,28932
312,male,2000,3333
316,male,2000,1389
320,male,2000,297961
324,male,2000,211833
624,male,2000,42479
328,male,2000,172040
332,male,2000,435265
336,male,2000,28
340,male,2000,148486
348,male,2000,210809
352,male,2000,12770
356,male,2000,4626746
360,male,2000,1349563
364,male,2000,456731
368,male,2000,669164
372,male,2000,361701
833,male,2000,3675
376,male,2000,152335
380,male,2000,1590886
388,male,2000,385849
392,male,2000,342999
400,male,2000,226322
398,male,2000,1652933
404,male,2000,154219
296,male,2000,1898
414,male,2000,66343
417,male,2000,273035
418,male,2000,317565
428,male,2000,108979
422,male,2000,316853
426,male,2000,67217
430,male,2000,123298
434,male,2000,42661
438,male,2000,1203
440,male,2000,151603
442,male,2000,20008
450,male,2000,32323
454,male,2000,110218
458,male,2000,541038
462,male,2000,699
466,male,2000,430285
470,male,2000,52321
584,male,2000,3489
474,male,2000,6596
478,male,2000,65706
480,male,2000,53308
175,male,2000,2977
484,male,2000,5173006
583,male,2000,8518
492,male,2000,2534
496,male,2000,13870
499,male,2000,86674
500,male,2000,7084
504,male,2000,1134396
508,male,2000,391217
104,male,2000,656672
516,male,2000,24831
520,male,2000,773
524,male,2000,524844
528,male,2000,376233
540,male,2000,2276
554,male,2000,245677
558,male,2000,245431
562,male,2000,126971
566,male,2000,352621
570,male,2000,2789
807,male,2000,267120
580,male,2000,1337
578,male,2000,71238
512,male,2000,8240
586,male,2000,2057564
585,male,2000,1857
591,male,2000,68256
598,male,2000,2281
600,male,2000,162820
604,male,2000,314501
608,male,2000,1319731
616,male,2000,882599
620,male,2000,1021757
630,male,2000,688515
634,male,2000,7498
410,male,2000,961244
498,male,2000,299271
638,male,2000,1057
642,male,2000,542812
643,male,2000,4532634
646,male,2000,157929
654,male,2000,1594
659,male,2000,14506
662,male,2000,17697
666,male,2000,262
670,male,2000,26271
882,male,2000,46571
674,male,2000,1693
678,male,2000,11887
682,male,2000,89883
686,male,2000,241862
688,male,2000,591625
690,male,2000,8747
694,male,2000,254797
702,male,2000,91234
534,male,2000,9966
703,male,2000,125263
705,male,2000,52242
90,male,2000,1346
706,male,2000,517694
710,male,2000,245979
728,male,2000,190326
724,male,2000,588290
144,male,2000,525749
275,male,2000,1400427
729,male,2000,502757
740,male,2000,99756
752,male,2000,113193
756,male,2000,169914
760,male,2000,407719
762,male,2000,299120
764,male,2000,200011
626,male,2000,74436
768,male,2000,130918
772,male,2000,1017
776,male,2000,22966
780,male,2000,133406
788,male,2000,282158
792,male,2000,1504358
795,male,2000,109624
796,male,2000,356
798,male,2000,1354
800,male,2000,254466
804,male,2000,2618904
784,male,2000,66254
826,male,2000,1933223
834,male,2000,108657
840,male,2000,995537
850,male,2000,2256
858,male,2000,115418
860,male,2000,787236
548,male,2000,3332
862,male,2000,141875
704,male,2000,967850
876,male,2000,3762
732,male,2000,91073
887,male,2000,343820
894,male,2000,77131
716,male,2000,181681
900,male,2005,97860838
other_south,male,2005,3071565
other_north,male,2005,1115583
4,male,2005,2146799
8,male,2005,517484
12,male,2005,835923
16,male,2005,1327
20,male,2005,2772
24,male,2005,353314
660,male,2005,1553
28,male,2005,17087
32,male,2005,398937
51,male,2005,486449
533,male,2005,5777
36,male,2005,201968
40,male,2005,228122
31,male,2005,752248
44,male,2005,15115
48,male,2005,27447
50,male,2005,3487433
52,male,2005,44122
112,male,2005,683233
56,male,2005,203670
84,male,2005,22263
204,male,2005,280619
60,male,2005,7400
64,male,2005,60238
68,male,2005,265906
535,male,2005,2533
70,male,2005,724718
72,male,2005,19823
76,male,2005,526416
92,male,2005,2607
96,male,2005,26984
100,male,2005,426102
854,male,2005,766198
108,male,2005,386384
132,male,2005,66555
116,male,2005,319690
120,male,2005,110732
124,male,2005,455504
136,male,2005,590
140,male,2005,61509
148,male,2005,113702
830,male,2005,7182
152,male,2005,260273
156,male,2005,3537921
344,male,2005,407716
446,male,2005,55718
170,male,2005,860797
174,male,2005,49846
178,male,2005,86503
184,male,2005,9551
188,male,2005,51094
384,male,2005,346170
191,male,2005,399827
192,male,2005,554287
531,male,2005,33784
196,male,2005,76520
203,male,2005,269986
408,male,2005,44176
180,male,2005,584077
208,male,2005,106983
262,male,2005,6515
212,male,2005,28876
214,male,2005,433598
218,male,2005,479094
818,male,2005,1245627
222,male,2005,568652
226,male,2005,33828
232,male,2005,150285
233,male,2005,67985
748,male,2005,24645
231,male,2005,283374
238,male,2005,471
234,male,2005,5228
242,male,2005,75150
246,male,2005,122374
250,male,2005,833411
254,male,2005,1619
258,male,2005,1372
266,male,2005,20427
270,male,2005,36999
268,male,2005,455465
276,male,2005,1631122
288,male,2005,355242
292,male,2005,4754
300,male,2005,450549
304,male,2005,6090
308,male,2005,28903
312,male,2005,3767
316,male,2005,1233
320,male,2005,375448
324,male,2005,229267
624,male,2005,45454
328,male,2005,185751
332,male,2005,518464
336,male,2005,55
340,male,2005,195927
348,male,2005,229504
352,male,2005,14234
356,male,2005,5810580
360,male,2005,1549624
364,male,2005,493413
368,male,2005,792549
372,male,2005,343031
833,male,2005,4175
376,male,2005,163223
380,male,2005,1413801
388,male,2005,403341
392,male,2005,342972
400,male,2005,273089
398,male,2005,1736358
404,male,2005,171476
296,male,2005,1940
414,male,2005,74463
417,male,2005,315930
418,male,2005,420876
428,male,2005,121956
422,male,2005,354837
426,male,2005,85422
430,male,2005,172285
434,male,2005,53733
438,male,2005,1310
440,male,2005,179841
442,male,2005,26368
450,male,2005,64414
454,male,2005,128982
458,male,2005,631440
462,male,2005,855
466,male,2005,505082
470,male,2005,49868
584,male,2005,3337
474,male,2005,6742
478,male,2005,63480
480,male,2005,59804
175,male,2005,3138
484,male,2005,5877266
583,male,2005,9227
492,male,2005,9585
496,male,2005,19770
499,male,2005,70409
500,male,2005,7098
504,male,2005,1368980
508,male,2005,410361
104,male,2005,990423
516,male,2005,32108
520,male,2005,939
524,male,2005,634984
528,male,2005,402516
540,male,2005,2490
554,male,2005,281158
558,male,2005,210252
562,male,2005,182607
566,male,2005,436337
570,male,2005,2590
807,male,2005,230116
580,male,2005,1352
578,male,2005,77933
512,male,2005,9652
586,male,2005,2391824
585,male,2005,1825
591,male,2005,65753
598,male,2005,2229
600,male,2005,238523
604,male,2005,439816
608,male,2005,1621020
616,male,2005,1309811
620,male,2005,899776
630,male,2005,711226
634,male,2005,9231
410,male,2005,1009060
498,male,2005,342316
638,male,2005,1069
642,male,2005,988514
643,male,2005,4446927
646,male,2005,140620
654,male,2005,1516
659,male,2005,15498
662,male,2005,20540
666,male,2005,221
670,male,2005,26695
882,male,2005,48840
674,male,2005,1299
678,male,2005,13883
682,male,2005,104065
686,male,2005,287814
688,male,2005,476097
690,male,2005,10058
694,male,2005,74586
702,male,2005,112097
534,male,2005,11609
703,male,2005,128740
705,male,2005,52919
90,male,2005,1456
706,male,2005,591227
710,male,2005,295014
728,male,2005,133736
724,male,2005,510206
144,male,2005,622994
275,male,2005,1566404
729,male,2005,675633
740,male,2005,116931
752,male,2005,120351
756,male,2005,236540
760,male,2005,511972
762,male,2005,327751
764,male,2005,232848
626,male,2005,50258
768,male,2005,192070
772,male,2005,1037
776,male,2005,24033
780,male,2005,139313
788,male,2005,329618
792,male,2005,1445075
795,male,2005,111042
796,male,2005,532
798,male,2005,1482
800,male,2005,277800
804,male,2005,2557797
784,male,2005,57148
826,male,2005,2090132
834,male,2005,118671
840,male,2005,1151504
850,male,2005,2155
858,male,2005,146476
860,male,2005,880088
548,male,2005,3837
862,male,2005,194708
704,male,2005,1076437
876,male,2005,3700
732,male,2005,71895
887,male,2005,413352
894,male,2005,86755
716,male,2005,255384
900,male,2010,114061680
other_south,male,2010,3239676
other_north,male,2010,1315192
4,male,2010,2784052
8,male,2010,582786
12,male,2010,914618
16,male,2010,1098
20,male,2010,3864
24,male,2010,327846
660,male,2010,1220
28,male,2010,18705
32,male,2010,462852
51,male,2010,494349
533,male,2010,6345
36,male,2010,237233
40,male,2010,233202
31,male,2010,621832
44,male,2010,15393
48,male,2010,28058
50,male,2010,4346730
52,male,2010,45125
112,male,2010,622804
56,male,2010,219794
84,male,2010,24344
204,male,2010,298042
60,male,2010,7586
64,male,2010,44205
68,male,2010,368772
535,male,2010,5273
70,male,2010,757830
72,male,2010,28157
76,male,2010,646236
92,male,2010,2204
96,male,2010,26186
100,male,2010,512252
854,male,2010,801820
108,male,2010,144061
132,male,2010,70177
116,male,2010,450423
120,male,2010,136673
124,male,2010,486456
136,male,2010,653
140,male,2010,120300
148,male,2010,112335
830,male,2010,7744
152,male,2010,270591
156,male,2010,4105860
344,male,2010,487259
446,male,2010,60844
170,male,2010,1163939
174,male,2010,54167
178,male,2010,93049
184,male,2010,10066
188,male,2010,56998
384,male,2010,463781
191,male,2010,384541
192,male,2010,617295
531,male,2010,52437
196,male,2010,82161
203,male,2010,337293
408,male,2010,50351
180,male,2010,632651
208,male,2010,111814
262,male,2010,7194
212,male,2010,31348
214,male,2010,497213
218,male,2010,556385
818,male,2010,1765924
222,male,2010,670408
226,male,2010,40116
232,male,2010,168238
233,male,2010,70824
748,male,2010,37912
231,male,2010,359614
238,male,2010,515
234,male,2010,5343
242,male,2010,87171
246,male,2010,114849
250,male,2010,943996
254,male,2010,1670
258,male,2010,787
266,male,2010,18144
270,male,2010,48148
268,male,2010,409632
276,male,2010,1734554
288,male,2010,405405
292,male,2010,5124
300,male,2010,410486
304,male,2010,6715
308,male,2010,27957
312,male,2010,4423
316,male,2010,1008
320,male,2010,463793
324,male,2010,257058
624,male,2010,49363
328,male,2010,204264
332,male,2010,587907
336,male,2010,76
340,male,2010,250151
348,male,2010,248923
352,male,2010,16474
356,male,2010,8506094
360,male,2010,1907249
364,male,2010,532372
368,male,2010,1398459
372,male,2010,328902
833,male,2010,4533
376,male,2010,173614
380,male,2010,1332956
388,male,2010,426930
392,male,2010,354916
400,male,2010,384985
398,male,2010,1780215
404,male,2010,212308
296,male,2010,1736
414,male,2010,105434
417,male,2010,353008
418,male,2010,553724
428,male,2010,123206
422,male,2010,416490
426,male,2010,130516
430,male,2010,109124
434,male,2010,67544
438,male,2010,1571
440,male,2010,226100
442,male,2010,28987
450,male,2010,64627
454,male,2010,150989
458,male,2010,737868
462,male,2010,1307
466,male,2010,564457
470,male,2010,49441
584,male,2010,3210
474,male,2010,6782
478,male,2010,69184
480,male,2010,67951
175,male,2010,3104
484,male,2010,6668177
583,male,2010,9712
492,male,2010,13101
496,male,2010,27679
499,male,2010,67878
500,male,2010,7841
504,male,2010,1581825
508,male,2010,514179
104,male,2010,1383025
516,male,2010,48863
520,male,2010,1103
524,male,2010,837595
528,male,2010,434316
540,male,2010,2436
554,male,2010,337946
558,male,2010,287893
562,male,2010,201800
566,male,2010,530763
570,male,2010,2613
807,male,2010,259717
580,male,2010,1339
578,male,2010,81137
512,male,2010,10845
586,male,2010,3239398
585,male,2010,1360
591,male,2010,69152
598,male,2010,2098
600,male,2010,329101
604,male,2010,565779
608,male,2010,2162377
616,male,2010,1740782
620,male,2010,999435
630,male,2010,738105
634,male,2010,11113
410,male,2010,1134380
498,male,2010,384039
638,male,2010,1094
642,male,2010,1584365
643,male,2010,4378173
646,male,2010,160212
654,male,2010,1774
659,male,2010,16141
662,male,2010,21455
666,male,2010,192
670,male,2010,26010
882,male,2010,51456
674,male,2010,863
678,male,2010,14294
682,male,2010,120238
686,male,2010,350987
688,male,2010,406284
690,male,2010,11192
694,male,2010,63071
702,male,2010,134448
534,male,2010,12488
703,male,2010,119693
705,male,2010,54640
90,male,2010,1637
706,male,2010,835448
710,male,2010,368224
728,male,2010,210619
724,male,2010,489494
144,male,2010,800036
275,male,2010,1713347
729,male,2010,707448
740,male,2010,117293
752,male,2010,134626
756,male,2010,291642
760,male,2010,662355
762,male,2010,336638
764,male,2010,281535
626,male,2010,19014
768,male,2010,210148
772,male,2010,1090
776,male,2010,25606
780,male,2010,148451
788,male,2010,361870
792,male,2010,1441268
795,male,2010,113917
796,male,2010,959
798,male,2010,1476
800,male,2010,338358
804,male,2010,2439791
784,male,2010,65902
826,male,2010,2237000
834,male,2010,132166
840,male,2010,1339082
850,male,2010,2080
858,male,2010,161245
860,male,2010,970766
548,male,2010,3971
862,male,2010,246178
704,male,2010,1197972
876,male,2010,3633
732,male,2010,76149
887,male,2010,591862
894,male,2010,98980
716,male,2010,365827
900,male,2015,128863389
other_south,male,2015,4124150
other_north,male,2015,1653858
4,male,2015,2602489
8,male,2015,569802
12,male,2015,987184
16,male,2015,995
20,male,2015,4200
24,male,2015,318820
660,male,2015,1335
28,male,2015,23973
32,male,2015,462689
51,male,2015,508771
533,male,2015,7726
36,male,2015,254116
40,male,2015,239591
31,male,2015,611955
44,male,2015,18199
48,male,2015,30236
50,male,2015,4786567
52,male,2015,48047
112,male,2015,624714
56,male,2015,250881
84,male,2015,26676
204,male,2015,341274
60,male,2015,8162
64,male,2015,24748
68,male,2015,390435
535,male,2015,5393
70,male,2015,772333
72,male,2015,45673
76,male,2015,650965
92,male,2015,2302
96,male,2015,26984
100,male,2015,484372
854,male,2015,848593
108,male,2015,228535
132,male,2015,77175
116,male,2015,489768
120,male,2015,173672
124,male,2015,492909
136,male,2015,816
140,male,2015,347974
148,male,2015,104971
830,male,2015,9517
152,male,2015,292242
156,male,2015,4723649
344,male,2015,542607
446,male,2015,64288
170,male,2015,1234379
174,male,2015,56609
178,male,2015,114373
184,male,2015,10693
188,male,2015,59729
384,male,2015,520519
191,male,2015,380411
192,male,2015,703332
531,male,2015,53195
196,male,2015,94759
203,male,2015,361705
408,male,2015,56339
180,male,2015,742422
208,male,2015,114366
262,male,2015,8705
212,male,2015,31036
214,male,2015,609374
218,male,2015,538029
818,male,2015,2061349
222,male,2015,754007
226,male,2015,63007
232,male,2015,308204
233,male,2015,87286
748,male,2015,51152
231,male,2015,414197
238,male,2015,617
234,male,2015,6366
242,male,2015,99042
246,male,2015,112666
250,male,2015,1033824
254,male,2015,1883
258,male,2015,1013
266,male,2015,20836
270,male,2015,54255
268,male,2015,417935
276,male,2015,1749064
288,male,2015,473906
292,male,2015,6147
300,male,2015,426152
304,male,2015,7841
308,male,2015,30408
312,male,2015,4591
316,male,2015,990
320,male,2015,558457
324,male,2015,270114
624,male,2015,51723
328,male,2015,223227
332,male,2015,793468
336,male,2015,109
340,male,2015,306211
348,male,2015,267866
352,male,2015,19433
356,male,2015,10379225
360,male,2015,2275644
364,male,2015,626867
368,male,2015,951206
372,male,2015,338194
833,male,2015,5497
376,male,2015,174256
380,male,2015,1416897
388,male,2015,440203
392,male,2015,356699
400,male,2015,450863
398,male,2015,1820233
404,male,2015,228712
296,male,2015,2016
414,male,2015,114851
417,male,2015,360224
418,male,2015,590385
428,male,2015,136114
422,male,2015,454716
426,male,2015,157178
430,male,2015,103418
434,male,2015,85436
438,male,2015,1561
440,male,2015,246731
442,male,2015,33730
450,male,2015,68071
454,male,2015,185822
458,male,2015,826623
462,male,2015,1353
466,male,2015,690907
470,male,2015,50791
584,male,2015,3759
474,male,2015,6029
478,male,2015,67920
480,male,2015,78039
175,male,2015,3181
484,male,2015,6358316
583,male,2015,10313
492,male,2015,13926
496,male,2015,31994
499,male,2015,71423
500,male,2015,9143
504,male,2015,1583581
508,male,2015,594404
104,male,2015,1596339
516,male,2015,81270
520,male,2015,1134
524,male,2015,1212670
528,male,2015,449517
540,male,2015,2299
554,male,2015,373294
558,male,2015,301433
562,male,2015,226633
566,male,2015,657365
570,male,2015,2632
807,male,2015,291997
580,male,2015,1363
578,male,2015,84591
512,male,2015,12129
586,male,2015,3808155
585,male,2015,1331
591,male,2015,73704
598,male,2015,104495
600,male,2015,361564
604,male,2015,592848
608,male,2015,2312071
616,male,2015,1855259
620,male,2015,1210493
630,male,2015,907799
634,male,2015,78540
410,male,2015,1044532
498,male,2015,421087
638,male,2015,57548
642,male,2015,1545541
643,male,2015,4454687
646,male,2015,290836
654,male,2015,2233
659,male,2015,51352
662,male,2015,25351
666,male,2015,994
670,male,2015,26894
882,male,2015,57586
674,male,2015,1258
678,male,2015,16346
682,male,2015,144758
686,male,2015,361789
688,male,2015,396618
690,male,2015,15823
694,male,2015,85240
702,male,2015,153088
534,male,2015,12776
703,male,2015,137154
705,male,2015,61634
90,male,2015,1910
706,male,2015,1010421
710,male,2015,363266
728,male,2015,553091
724,male,2015,579112
144,male,2015,865264
275,male,2015,1935449
729,male,2015,1016411
740,male,2015,189880
752,male,2015,145061
756,male,2015,292254
760,male,2015,3525059
762,male,2015,343654
764,male,2015,339723
626,male,2015,20652
768,male,2015,250989
772,male,2015,1096
776,male,2015,34706
780,male,2015,128084
788,male,2015,426788
792,male,2015,1654360
795,male,2015,125089
796,male,2015,15401
798,male,2015,1592
800,male,2015,357898
804,male,2015,2584800
784,male,2015,72252
826,male,2015,2048936
834,male,2015,151839
840,male,2015,1509309
850,male,2015,11955
858,male,2015,276795
860,male,2015,1007049
548,male,2015,3285
862,male,2015,301693
704,male,2015,1223920
876,male,2015,5366
732,male,2015,99259
887,male,2015,728217
894,male,2015,196277
716,male,2015,419074
900,male,2019,141488004
other_south,male,2019,4273262
other_north,male,2019,1708920
4,male,2019,2728689
8,male,2019,619154
12,male,2019,1041572
16,male,2019,912
20,male,2019,4326
24,male,2019,325559
660,male,2019,1409
28,male,2019,24953
32,male,2019,490092
51,male,2019,517294
533,male,2019,8654
36,male,2019,277420
40,male,2019,268067
31,male,2019,622045
44,male,2019,19380
48,male,2019,24216
50,male,2019,5216105
52,male,2019,52084
112,male,2019,629765
56,male,2019,277093
84,male,2019,28351
204,male,2019,358729
60,male,2019,8864
64,male,2019,25240
68,male,2019,416053
535,male,2019,5957
70,male,2019,801697
72,male,2019,51058
76,male,2019,737943
92,male,2019,2399
96,male,2019,27604
100,male,2019,666485
854,male,2019,884062
108,male,2019,306318
132,male,2019,83574
116,male,2019,509366
120,male,2019,188927
124,male,2019,510314
136,male,2019,902
140,male,2019,385707
148,male,2019,111898
830,male,2019,10820
152,male,2019,305822
156,male,2019,4969599
344,male,2019,576937
446,male,2019,71899
170,male,2019,1307894
174,male,2019,58786
178,male,2019,120941
184,male,2019,11115
188,male,2019,63749
384,male,2019,551569
191,male,2019,478467
192,male,2019,769021
531,male,2019,59681
196,male,2019,106271
203,male,2019,402457
408,male,2019,59202
180,male,2019,832985
208,male,2019,120701
262,male,2019,9486
212,male,2019,32851
214,male,2019,643939
218,male,2019,557722
818,male,2019,2295301
222,male,2019,795864
226,male,2019,67324
232,male,2019,400922
233,male,2019,93790
748,male,2019,57038
231,male,2019,463523
238,male,2019,689
234,male,2019,5921
242,male,2019,105530
246,male,2019,112363
250,male,2019,1122580
254,male,2019,1966
258,male,2019,1103
266,male,2019,22349
270,male,2019,77978
268,male,2019,425127
276,male,2019,1870256
288,male,2019,510363
292,male,2019,6970
300,male,2019,543198
304,male,2019,7982
308,male,2019,32993
312,male,2019,4820
316,male,2019,999
320,male,2019,595820
324,male,2019,298338
624,male,2019,54775
328,male,2019,238741
332,male,2019,856106
336,male,2019,95
340,male,2019,328695
348,male,2019,315823
352,male,2019,20783
356,male,2019,11443060
360,male,2019,2492052
364,male,2019,702385
368,male,2019,1039005
372,male,2019,372397
833,male,2019,6256
376,male,2019,190629
380,male,2019,1644954
388,male,2019,473664
392,male,2019,378865
400,male,2019,500322
398,male,2019,1865438
404,male,2019,247244
296,male,2019,2138
414,male,2019,124796
417,male,2019,362024
418,male,2019,596224
428,male,2019,148951
422,male,2019,499458
426,male,2019,176042
430,male,2019,109444
434,male,2019,98597
438,male,2019,1659
440,male,2019,273745
442,male,2019,37164
450,male,2019,71200
454,male,2019,200448
458,male,2019,733288
462,male,2019,1420
466,male,2019,719859
470,male,2019,54245
584,male,2019,4005
474,male,2019,6259
478,male,2019,79112
480,male,2019,85164
175,male,2019,3230
484,male,2019,6277644
583,male,2019,10836
492,male,2019,14898
496,male,2019,35150
499,male,2019,71749
500,male,2019,10009
504,male,2019,1646906
508,male,2019,653069
104,male,2019,2324583
516,male,2019,91116
520,male,2019,1204
524,male,2019,1399258
528,male,2019,496175
540,male,2019,2454
554,male,2019,392802
558,male,2019,315869
562,male,2019,237222
566,male,2019,757846
570,male,2019,2749
807,male,2019,349479
580,male,2019,1419
578,male,2019,87110
512,male,2019,13264
586,male,2019,4129349
585,male,2019,1382
591,male,2019,78215
598,male,2019,111740
600,male,2019,372270
604,male,2019,634541
608,male,2019,2495691
616,male,2019,2155969
620,male,2019,1295290
630,male,2019,977138
634,male,2019,84193
410,male,2019,1087686
498,male,2019,473885
638,male,2019,61646
642,male,2019,1674211
643,male,2019,4567000
646,male,2019,286296
654,male,2019,2582
659,male,2019,54940
662,male,2019,27168
666,male,2019,1067
670,male,2019,29106
882,male,2019,61180
674,male,2019,980
678,male,2019,17382
682,male,2019,160088
686,male,2019,396820
688,male,2019,464406
690,male,2019,16745
694,male,2019,92648
702,male,2019,162387
534,male,2019,14615
703,male,2019,160569
705,male,2019,68058
90,male,2019,2058
706,male,2019,1061493
710,male,2019,397324
728,male,2019,1291102
724,male,2019,666443
144,male,2019,1041961
275,male,2019,2037607
729,male,2019,1125692
740,male,2019,194080
752,male,2019,157523
756,male,2019,312545
760,male,2019,4835917
762,male,2019,343833
764,male,2019,363010
626,male,2019,21660
768,male,2019,268659
772,male,2019,1129
776,male,2019,36640
780,male,2019,136725
788,male,2019,456366
792,male,2019,1819612
795,male,2019,126688
796,male,2019,16515
798,male,2019,1616
800,male,2019,359112
804,male,2019,2658528
784,male,2019,81663
826,male,2019,2171490
834,male,2019,161321
840,male,2019,1593071
850,male,2019,12718
858,male,2019,291450
860,male,2019,1021482
548,male,2019,3477
862,male,2019,1216983
704,male,2019,1314193
876,male,2019,5631
732,male,2019,103236
887,male,2019,823102
894,male,2019,230721
716,male,2019,468373
900,female,1990,75349784
other_south,female,1990,3136363
other_north,female,1990,1206819
4,female,1990,3111428
8,female,1990,70822
12,female,1990,400394
16,female,1990,992
20,female,1990,2023
24,female,1990,419447
660,female,1990,978
28,female,1990,11936
32,female,1990,226584
51,female,1990,462779
533,female,1990,5854
36,female,1990,162957
40,female,1990,271352
31,female,1990,866138
44,female,1990,14554
48,female,1990,6700
50,female,1990,2288909
52,female,1990,44776
112,female,1990,952057
56,female,1990,208159
84,female,1990,21023
204,female,1990,107062
60,female,1990,36999
64,female,1990,14540
68,female,1990,109247
535,female,1990,1579
70,female,1990,434396
72,female,1990,6818
76,female,1990,274022
92,female,1990,1754
96,female,1990,10718
100,female,1990,312656
854,female,1990,448037
108,female,1990,163218
132,female,1990,48685
116,female,1990,180680
120,female,1990,55785
124,female,1990,631094
136,female,1990,181
140,female,1990,22155
148,female,1990,168699
830,female,1990,9971
152,female,1990,244595
156,female,1990,2034070
344,female,1990,279068
446,female,1990,47166
170,female,1990,551046
174,female,1990,18021
178,female,1990,44856
184,female,1990,9111
188,female,1990,40452
384,female,1990,180711
191,female,1990,211545
192,female,1990,436549
531,female,1990,21279
196,female,1990,83642
203,female,1990,146953
408,female,1990,20547
180,female,1990,219309
208,female,1990,110121
262,female,1990,2418
212,female,1990,23129
214,female,1990,267523
218,female,1990,108362
818,female,1990,499236
222,female,1990,633491
226,female,1990,18468
232,female,1990,80985
233,female,1990,59586
748,female,1990,9591
231,female,1990,833652
238,female,1990,119
234,female,1990,4531
242,female,1990,46539
246,female,1990,148850
250,female,1990,643383
254,female,1990,1593
258,female,1990,1554
266,female,1990,7616
270,female,1990,15472
268,female,1990,472945
276,female,1990,1588365
288,female,1990,183784
292,female,1990,6323
300,female,1990,488860
304,female,1990,5736
308,female,1990,23645
312,female,1990,3238
316,female,1990,682
320,female,1990,172430
324,female,1990,151233
624,female,1990,27977
328,female,1990,122937
332,female,1990,233694
336,female,1990,18
340,female,1990,89687
348,female,1990,195334
352,female,1990,8994
356,female,1990,2814608
360,female,1990,685707
364,female,1990,269101
368,female,1990,651752
372,female,1990,504066
833,female,1990,5637
376,female,1990,142238
380,female,1990,1611601
388,female,1990,320821
392,female,1990,307392
400,female,1990,126581
398,female,1990,1544157
404,female,1990,127291
296,female,1990,2116
414,female,1990,36376
417,female,1990,269940
418,female,1990,245703
428,female,1990,115190
422,female,1990,216646
426,female,1990,45423
430,female,1990,256241
434,female,1990,36168
438,female,1990,1981
440,female,1990,188446
442,female,1990,17579
450,female,1990,33830
454,female,1990,58995
458,female,1990,286075
462,female,1990,495
466,female,1990,286891
470,female,1990,54249
584,female,1990,719
474,female,1990,5432
478,female,1990,59314
480,female,1990,59243
175,female,1990,849
484,female,1990,2037252
583,female,1990,3779
492,female,1990,2223
496,female,1990,12704
499,female,1990,38565
500,female,1990,3822
504,female,1990,763564
508,female,1990,1020313
104,female,1990,309201
516,female,1990,6718
520,female,1990,792
524,female,1990,358766
528,female,1990,366559
540,female,1990,2223
554,female,1990,191976
558,female,1990,222316
562,female,1990,54992
566,female,1990,191407
570,female,1990,3028
807,female,1990,215192
580,female,1990,1321
578,female,1990,78642
512,female,1990,6085
586,female,1990,1371727
585,female,1990,1589
591,female,1990,68180
598,female,1990,1538
600,female,1990,166350
604,female,1990,164512
608,female,1990,1199949
616,female,1990,803451
620,female,1990,908447
630,female,1990,625961
634,female,1990,6176
410,female,1990,816582
498,female,1990,335072
638,female,1990,1516
642,female,1990,435717
643,female,1990,7146818
646,female,1990,270886
654,female,1990,498
659,female,1990,11180
662,female,1990,11952
666,female,1990,245
670,female,1990,19142
882,female,1990,38259
674,female,1990,847
678,female,1990,7235
682,female,1990,49401
686,female,1990,139436
688,female,1990,348680
690,female,1990,18412
694,female,1990,29886
702,female,1990,81905
534,female,1990,7267
703,female,1990,67076
705,female,1990,51512
90,female,1990,1078
706,female,1990,399212
710,female,1990,158059
728,female,1990,248149
724,female,1990,755206
144,female,1990,426926
275,female,1990,924753
729,female,1990,248811
740,female,1990,92316
752,female,1990,118994
756,female,1990,180702
760,female,1990,266326
762,female,1990,273275
764,female,1990,188486
626,female,1990,5340
768,female,1990,98590
772,female,1990,848
776,female,1990,16469
780,female,1990,109918
788,female,1990,184114
792,female,1990,1278003
795,female,1990,132541
796,female,1990,1305
798,female,1990,1147
800,female,1990,153732
804,female,1990,2910993
784,female,1990,34846
826,female,1990,1918065
834,female,1990,95883
840,female,1990,869647
850,female,1990,1187
858,female,1990,120987
860,female,1990,742220
548,female,1990,2414
862,female,1990,102934
704,female,1990,601455
876,female,1990,2820
732,female,1990,75584
887,female,1990,165179
894,female,1990,42604
716,female,1990,98608
900,female,1995,79630779
other_south,female,1995,2617705
other_north,female,1995,1191062
4,female,1995,1629169
8,female,1995,219133
12,female,1995,429456
16,female,1995,1273
20,female,1995,2223
24,female,1995,343854
660,female,1995,1237
28,female,1995,15171
32,female,1995,251719
51,female,1995,445436
533,female,1995,5982
36,female,1995,185383
40,female,1995,262486
31,female,1995,869078
44,female,1995,17044
48,female,1995,12761
50,female,1995,2262711
52,female,1995,47403
112,female,1995,956276
56,female,1995,213989
84,female,1995,24310
204,female,1995,126927
60,female,1995,21887
64,female,1995,58116
68,female,1995,139074
535,female,1995,1873
70,female,1995,703809
72,female,1995,7633
76,female,1995,417223
92,female,1995,2391
96,female,1995,14017
100,female,1995,336537
854,female,1995,534295
108,female,1995,263134
132,female,1995,56579
116,female,1995,212337
120,female,1995,67066
124,female,1995,672523
136,female,1995,439
140,female,1995,24172
148,female,1995,110137
830,female,1995,8149
152,female,1995,253225
156,female,1995,2475139
344,female,1995,314470
446,female,1995,48419
170,female,1995,660966
174,female,1995,23422
178,female,1995,54868
184,female,1995,8862
188,female,1995,49583
384,female,1995,220922
191,female,1995,372410
192,female,1995,489374
531,female,1995,25063
196,female,1995,79804
203,female,1995,173617
408,female,1995,27395
180,female,1995,281517
208,female,1995,113175
262,female,1995,3060
212,female,1995,24423
214,female,1995,388819
218,female,1995,166565
818,female,1995,541446
222,female,1995,470207
226,female,1995,23941
232,female,1995,177844
233,female,1995,69092
748,female,1995,10493
231,female,1995,403409
238,female,1995,424
234,female,1995,5891
242,female,1995,55636
246,female,1995,172581
250,female,1995,707960
254,female,1995,1832
258,female,1995,1878
266,female,1995,8289
270,female,1995,16237
268,female,1995,472450
276,female,1995,1632010
288,female,1995,212257
292,female,1995,5244
300,female,1995,483771
304,female,1995,6811
308,female,1995,29560
312,female,1995,3920
316,female,1995,763
320,female,1995,227179
324,female,1995,158120
624,female,1995,33011
328,female,1995,155882
332,female,1995,301022
336,female,1995,19
340,female,1995,140390
348,female,1995,203026
352,female,1995,11006
356,female,1995,3041494
360,female,1995,845267
364,female,1995,327026
368,female,1995,570424
372,female,1995,478303
833,female,1995,4640
376,female,1995,146763
380,female,1995,1543872
388,female,1995,394552
392,female,1995,335484
400,female,1995,133557
398,female,1995,1737965
404,female,1995,142302
296,female,1995,2213
414,female,1995,41534
417,female,1995,283981
418,female,1995,277571
428,female,1995,123613
422,female,1995,229791
426,female,1995,42494
430,female,1995,274707
434,female,1995,36629
438,female,1995,1714
440,female,1995,191664
442,female,1995,18651
450,female,1995,38716
454,female,1995,61953
458,female,1995,461135
462,female,1995,472
466,female,1995,368811
470,female,1995,54318
584,female,1995,2074
474,female,1995,6508
478,female,1995,66449
480,female,1995,62126
175,female,1995,1989
484,female,1995,3202418
583,female,1995,5988
492,female,1995,2399
496,female,1995,14822
499,female,1995,74123
500,female,1995,6393
504,female,1995,843606
508,female,1995,327434
104,female,1995,416837
516,female,1995,13248
520,female,1995,814
524,female,1995,402514
528,female,1995,369165
540,female,1995,2467
554,female,1995,207560
558,female,1995,221665
562,female,1995,65692
566,female,1995,222386
570,female,1995,2925
807,female,1995,246326
580,female,1995,1375
578,female,1995,85932
512,female,1995,6626
586,female,1995,1348394
585,female,1995,1474
591,female,1995,67371
598,female,1995,2025
600,female,1995,188906
604,female,1995,275811
608,female,1995,1456047
616,female,1995,983857
620,female,1995,935116
630,female,1995,768350
634,female,1995,6629
410,female,1995,889242
498,female,1995,322165
638,female,1995,1366
642,female,1995,517600
643,female,1995,6623541
646,female,1995,1038890
654,female,1995,1420
659,female,1995,14004
662,female,1995,16869
666,female,1995,231
670,female,1995,23469
882,female,1995,42111
674,female,1995,1327
678,female,1995,10114
682,female,1995,56747
686,female,1995,137527
688,female,1995,433194
690,female,1995,14527
694,female,1995,227586
702,female,1995,88318
534,female,1995,8602
703,female,1995,96434
705,female,1995,61140
90,female,1995,1261
706,female,1995,461144
710,female,1995,197472
728,female,1995,204343
724,female,1995,727010
144,female,1995,437087
275,female,1995,1145558
729,female,1995,335552
740,female,1995,101407
752,female,1995,129193
756,female,1995,186827
760,female,1995,282570
762,female,1995,265717
764,female,1995,259132
626,female,1995,39216
768,female,1995,160742
772,female,1995,910
776,female,1995,19484
780,female,1995,141429
788,female,1995,194970
792,female,1995,1334081
795,female,1995,123978
796,female,1995,854
798,female,1995,1358
800,female,1995,184091
804,female,1995,2963084
784,female,1995,40527
826,female,1995,1866682
834,female,1995,109718
840,female,1995,919486
850,female,1995,1438
858,female,1995,119425
860,female,1995,769542
548,female,1995,2793
862,female,1995,135426
704,female,1995,766518
876,female,1995,3228
732,female,1995,75285
887,female,1995,173379
894,female,1995,73160
716,female,1995,139943
900,female,2000,85559220
other_south,female,2000,2499043
other_north,female,2000,1101997
4,female,2000,1978970
8,female,2000,369654
12,female,2000,457708
16,female,2000,1557
20,female,2000,2948
24,female,2000,455378
660,female,2000,1508
28,female,2000,18519
32,female,2000,287184
51,female,2000,406781
533,female,2000,6182
36,female,2000,207763
40,female,2000,255528
31,female,2000,782633
44,female,2000,19638
48,female,2000,23154
50,female,2000,2249075
52,female,2000,50321
112,female,2000,949783
56,female,2000,226715
84,female,2000,27790
204,female,2000,153291
60,female,2000,7119
64,female,2000,58769
68,female,2000,169988
535,female,2000,2234
70,female,2000,764686
72,female,2000,10546
76,female,2000,547772
92,female,2000,3050
96,female,2000,18056
100,female,2000,362242
854,female,2000,563482
108,female,2000,370228
132,female,2000,65496
116,female,2000,235830
120,female,2000,79200
124,female,2000,717533
136,female,2000,720
140,female,2000,27924
148,female,2000,98570
830,female,2000,6509
152,female,2000,265135
156,female,2000,2960211
344,female,2000,349409
446,female,2000,50371
170,female,2000,777409
174,female,2000,33545
178,female,2000,64677
184,female,2000,9990
188,female,2000,60919
384,female,2000,267877
191,female,2000,471527
192,female,2000,549498
531,female,2000,29779
196,female,2000,77154
203,female,2000,206889
408,female,2000,36406
180,female,2000,435484
208,female,2000,117563
262,female,2000,3854
212,female,2000,25975
214,female,2000,519068
218,female,2000,228653
818,female,2000,602862
222,female,2000,468968
226,female,2000,31032
232,female,2000,256055
233,female,2000,76796
748,female,2000,14990
231,female,2000,206523
238,female,2000,734
234,female,2000,7176
242,female,2000,68604
246,female,2000,190176
250,female,2000,806863
254,female,2000,2094
258,female,2000,2179
266,female,2000,9059
270,female,2000,19190
268,female,2000,464405
276,female,2000,1714792
288,female,2000,244311
292,female,2000,4281
300,female,2000,476661
304,female,2000,7907
308,female,2000,34972
312,female,2000,4617
316,female,2000,1412
320,female,2000,285059
324,female,2000,165190
624,female,2000,35187
328,female,2000,191394
332,female,2000,370165
336,female,2000,15
340,female,2000,193851
348,female,2000,210602
352,female,2000,13414
356,female,2000,3305659
360,female,2000,1081903
364,female,2000,374641
368,female,2000,494892
372,female,2000,459201
833,female,2000,3702
376,female,2000,152526
380,female,2000,1476685
388,female,2000,472966
392,female,2000,369769
400,female,2000,142240
398,female,2000,1901558
404,female,2000,163234
296,female,2000,2093
414,female,2000,47103
417,female,2000,293284
418,female,2000,331723
428,female,2000,129712
422,female,2000,244249
426,female,2000,53358
430,female,2000,125119
434,female,2000,37375
438,female,2000,1487
440,female,2000,197017
442,female,2000,19789
450,female,2000,44775
454,female,2000,76013
458,female,2000,662600
462,female,2000,518
466,female,2000,342669
470,female,2000,52563
584,female,2000,3487
474,female,2000,7621
478,female,2000,41902
480,female,2000,65697
175,female,2000,3238
484,female,2000,4389923
583,female,2000,8397
492,female,2000,2599
496,female,2000,16779
499,female,2000,99284
500,female,2000,9049
504,female,2000,942764
508,female,2000,253250
104,female,2000,567639
516,female,2000,24523
520,female,2000,827
524,female,2000,452561
528,female,2000,378819
540,female,2000,2669
554,female,2000,244343
558,female,2000,256812
562,female,2000,78275
566,female,2000,257579
570,female,2000,2965
807,female,2000,265411
580,female,2000,1435
578,female,2000,93005
512,female,2000,7388
586,female,2000,1343739
585,female,2000,2143
591,female,2000,69174
598,female,2000,2275
600,female,2000,212056
604,female,2000,385097
608,female,2000,1772553
616,female,2000,1165772
620,female,2000,973629
630,female,2000,912237
634,female,2000,7208
410,female,2000,990917
498,female,2000,303511
638,female,2000,1305
642,female,2000,596663
643,female,2000,6188780
646,female,2000,160274
654,female,2000,2449
659,female,2000,16914
662,female,2000,21921
666,female,2000,224
670,female,2000,27399
882,female,2000,47970
674,female,2000,1803
678,female,2000,13269
682,female,2000,63820
686,female,2000,152752
688,female,2000,537787
690,female,2000,10497
694,female,2000,254302
702,female,2000,101755
534,female,2000,10257
703,female,2000,126321
705,female,2000,66482
90,female,2000,1382
706,female,2000,488445
710,female,2000,255926
728,female,2000,152302
724,female,2000,701989
144,female,2000,455545
275,female,2000,1367593
729,female,2000,382907
740,female,2000,113770
752,female,2000,144807
756,female,2000,201557
760,female,2000,300153
762,female,2000,242065
764,female,2000,337187
626,female,2000,73903
768,female,2000,136265
772,female,2000,1044
776,female,2000,23748
780,female,2000,174396
788,female,2000,204822
792,female,2000,1387535
795,female,2000,114080
796,female,2000,403
798,female,2000,1257
800,female,2000,263312
804,female,2000,2977979
784,female,2000,44869
826,female,2000,1933025
834,female,2000,106812
840,female,2000,996266
850,female,2000,1723
858,female,2000,120223
860,female,2000,788733
548,female,2000,3091
862,female,2000,177365
704,female,2000,917222
876,female,2000,3640
732,female,2000,74991
887,female,2000,185576
894,female,2000,83075
716,female,2000,170315
900,female,2005,93754736
other_south,female,2005,2660561
other_north,female,2005,1092232
4,female,2005,1751857
8,female,2005,448750
12,female,2005,763959
16,female,2005,1261
20,female,2005,3006
24,female,2005,363192
660,female,2005,1500
28,female,2005,20454
32,female,2005,409472
51,female,2005,411637
533,female,2005,7279
36,female,2005,228631
40,female,2005,266465
31,female,2005,693868
44,female,2005,19751
48,female,2005,25110
50,female,2005,2299433
52,female,2005,49382
112,female,2005,897978
56,female,2005,236023
84,female,2005,29628
204,female,2005,223434
60,female,2005,7521
64,female,2005,57793
68,female,2005,277877
535,female,2005,2629
70,female,2005,772251
72,female,2005,13473
76,female,2005,693636
92,female,2005,3265
96,female,2005,18300
100,female,2005,480418
854,female,2005,601000
108,female,2005,233094
132,female,2005,75324
116,female,2005,354775
120,female,2005,110560
124,female,2005,734497
136,female,2005,701
140,female,2005,69887
148,female,2005,96753
830,female,2005,7664
152,female,2005,281938
156,female,2005,3789517
344,female,2005,395814
446,female,2005,59674
170,female,2005,1027127
174,female,2005,46312
178,female,2005,85857
184,female,2005,10033
188,female,2005,67579
384,female,2005,355626
191,female,2005,440376
192,female,2005,608299
531,female,2005,35022
196,female,2005,77723
203,female,2005,337023
408,female,2005,42754
180,female,2005,531320
208,female,2005,118688
262,female,2005,5824
212,female,2005,35363
214,female,2005,589844
218,female,2005,507965
818,female,2005,656034
222,female,2005,550667
226,female,2005,38006
232,female,2005,144234
233,female,2005,82442
748,female,2005,20220
231,female,2005,239515
238,female,2005,628
234,female,2005,7319
242,female,2005,81521
246,female,2005,180534
250,female,2005,892362
254,female,2005,2189
258,female,2005,1353
266,female,2005,20863
270,female,2005,24267
268,female,2005,433148
276,female,2005,1815138
288,female,2005,310748
292,female,2005,4913
300,female,2005,417480
304,female,2005,8645
308,female,2005,35845
312,female,2005,5358
316,female,2005,1308
320,female,2005,361658
324,female,2005,176154
624,female,2005,37644
328,female,2005,208229
332,female,2005,454253
336,female,2005,58
340,female,2005,253376
348,female,2005,238652
352,female,2005,14570
356,female,2005,3787371
360,female,2005,1254945
364,female,2005,396528
368,female,2005,653880
372,female,2005,428271
833,female,2005,4326
376,female,2005,156533
380,female,2005,1285728
388,female,2005,503121
392,female,2005,379144
400,female,2005,161083
398,female,2005,1982392
404,female,2005,187045
296,female,2005,2081
414,female,2005,51943
417,female,2005,336932
418,female,2005,474983
428,female,2005,149214
422,female,2005,258777
426,female,2005,73573
430,female,2005,178714
434,female,2005,47373
438,female,2005,1629
440,female,2005,232771
442,female,2005,26535
450,female,2005,84413
454,female,2005,92386
458,female,2005,748997
462,female,2005,916
466,female,2005,390528
470,female,2005,50469
584,female,2005,3317
474,female,2005,7809
478,female,2005,38930
480,female,2005,70891
175,female,2005,3331
484,female,2005,4940813
583,female,2005,9120
492,female,2005,9529
496,female,2005,22608
499,female,2005,77747
500,female,2005,8728
504,female,2005,1104229
508,female,2005,252786
104,female,2005,811528
516,female,2005,33322
520,female,2005,941
524,female,2005,503641
528,female,2005,397072
540,female,2005,2735
554,female,2005,274898
558,female,2005,226528
562,female,2005,119434
566,female,2005,374350
570,female,2005,2708
807,female,2005,229173
580,female,2005,1383
578,female,2005,97365
512,female,2005,8415
586,female,2005,1510824
585,female,2005,1961
591,female,2005,66513
598,female,2005,2273
600,female,2005,307316
604,female,2005,533828
608,female,2005,2091837
616,female,2005,1577930
620,female,2005,844965
630,female,2005,929630
634,female,2005,8546
410,female,2005,1030668
498,female,2005,373283
638,female,2005,1490
642,female,2005,1120227
643,female,2005,5911606
646,female,2005,144583
654,female,2005,2250
659,female,2005,18425
662,female,2005,26466
666,female,2005,208
670,female,2005,29067
882,female,2005,50393
674,female,2005,1611
678,female,2005,15907
682,female,2005,73262
686,female,2005,184973
688,female,2005,453632
690,female,2005,13232
694,female,2005,73345
702,female,2005,121343
534,female,2005,11995
703,female,2005,143554
705,female,2005,66701
90,female,2005,1544
706,female,2005,510093
710,female,2005,307419
728,female,2005,109339
724,female,2005,603761
144,female,2005,514292
275,female,2005,1482702
729,female,2005,544746
740,female,2005,135541
752,female,2005,150514
756,female,2005,267718
760,female,2005,351740
762,female,2005,258492
764,female,2005,404607
626,female,2005,44708
768,female,2005,193718
772,female,2005,1053
776,female,2005,24711
780,female,2005,183631
788,female,2005,249601
792,female,2005,1304887
795,female,2005,118207
796,female,2005,705
798,female,2005,1435
800,female,2005,280101
804,female,2005,3009832
784,female,2005,47924
826,female,2005,2058184
834,female,2005,116320
840,female,2005,1139714
850,female,2005,1657
858,female,2005,152562
860,female,2005,849972
548,female,2005,3600
862,female,2005,243984
704,female,2005,1021347
876,female,2005,3737
732,female,2005,59196
887,female,2005,217638
894,female,2005,94240
716,female,2005,244498
900,female,2010,106720229
other_south,female,2010,2733131
other_north,female,2010,1285451
4,female,2010,2271753
8,female,2010,537519
12,female,2010,741835
16,female,2010,1061
20,female,2010,4062
24,female,2010,332209
660,female,2010,1146
28,female,2010,22726
32,female,2010,475235
51,female,2010,423001
533,female,2010,8134
36,female,2010,250611
40,female,2010,286950
31,female,2010,542735
44,female,2010,20611
48,female,2010,25067
50,female,2010,2403385
52,female,2010,51223
112,female,2010,842337
56,female,2010,267409
84,female,2010,32987
204,female,2010,242790
60,female,2010,7695
64,female,2010,41949
68,female,2010,411323
535,female,2010,6106
70,female,2010,811445
72,female,2010,18675
76,female,2010,872107
92,female,2010,2757
96,female,2010,17685
100,female,2010,594432
854,female,2010,632372
108,female,2010,140526
132,female,2010,82700
116,female,2010,502746
120,female,2010,142775
124,female,2010,785882
136,female,2010,738
140,female,2010,125625
148,female,2010,89953
830,female,2010,7954
152,female,2010,300053
156,female,2010,4627382
344,female,2010,455810
446,female,2010,69961
170,female,2010,1362586
174,female,2010,54900
178,female,2010,88021
184,female,2010,10493
188,female,2010,76029
384,female,2010,476231
191,female,2010,437790
192,female,2010,696026
531,female,2010,56930
196,female,2010,81795
203,female,2010,444957
408,female,2010,46224
180,female,2010,649922
208,female,2010,122623
262,female,2010,6638
212,female,2010,42345
214,female,2010,688333
218,female,2010,596243
818,female,2010,845946
222,female,2010,667050
226,female,2010,44284
232,female,2010,152421
233,female,2010,89665
748,female,2010,31091
231,female,2010,305205
238,female,2010,654
234,female,2010,7393
242,female,2010,95742
246,female,2010,175562
250,female,2010,1013973
254,female,2010,2272
258,female,2010,672
266,female,2010,18924
270,female,2010,29751
268,female,2010,403822
276,female,2010,1992779
288,female,2010,357581
292,female,2010,5065
300,female,2010,382386
304,female,2010,9213
308,female,2010,36073
312,female,2010,6398
316,female,2010,1209
320,female,2010,461459
324,female,2010,200088
624,female,2010,42558
328,female,2010,235187
332,female,2010,535852
336,female,2010,102
340,female,2010,337735
348,female,2010,264915
352,female,2010,16629
356,female,2010,4723181
360,female,2010,1521921
364,female,2010,457188
368,female,2010,1228598
372,female,2010,401869
833,female,2010,4497
376,female,2010,162859
380,female,2010,1230383
388,female,2010,562582
392,female,2010,405563
400,female,2010,212446
398,female,2010,2023160
404,female,2010,226171
296,female,2010,1820
414,female,2010,65290
417,female,2010,373909
418,female,2010,644991
428,female,2010,156162
422,female,2010,288072
426,female,2010,112634
430,female,2010,110132
434,female,2010,60560
438,female,2010,2023
440,female,2010,293565
442,female,2010,33254
450,female,2010,96244
454,female,2010,104175
458,female,2010,860642
462,female,2010,1439
466,female,2010,432678
470,female,2010,49921
584,female,2010,3273
474,female,2010,7886
478,female,2010,40247
480,female,2010,80692
175,female,2010,3223
484,female,2010,5746648
583,female,2010,9694
492,female,2010,13860
496,female,2010,30087
499,female,2010,81104
500,female,2010,9528
504,female,2010,1281985
508,female,2010,284046
104,female,2010,1086508
516,female,2010,50767
520,female,2010,1043
524,female,2010,596991
528,female,2010,432359
540,female,2010,2475
554,female,2010,325050
558,female,2010,323009
562,female,2010,134084
566,female,2010,456402
570,female,2010,2745
807,female,2010,267358
580,female,2010,1287
578,female,2010,100561
512,female,2010,9247
586,female,2010,1752881
585,female,2010,1261
591,female,2010,71457
598,female,2010,2140
600,female,2010,436907
604,female,2010,736388
608,female,2010,2556982
616,female,2010,1990259
620,female,2010,950957
630,female,2010,994549
634,female,2010,10509
410,female,2010,1175575
498,female,2010,443724
638,female,2010,1679
642,female,2010,1785679
643,female,2010,5752086
646,female,2010,170875
654,female,2010,2495
659,female,2010,19697
662,female,2010,29025
666,female,2010,199
670,female,2010,29535
882,female,2010,53361
674,female,2010,1402
678,female,2010,16593
682,female,2010,83465
686,female,2010,208570
688,female,2010,423014
690,female,2010,14786
694,female,2010,63797
702,female,2010,143860
534,female,2010,12864
703,female,2010,141663
705,female,2010,68651
90,female,2010,1711
706,female,2010,754258
710,female,2010,376876
728,female,2010,193277
724,female,2010,597058
144,female,2010,610851
275,female,2010,1629973
729,female,2010,527465
740,female,2010,144361
752,female,2010,170285
756,female,2010,335659
760,female,2010,421848
762,female,2010,248132
764,female,2010,492021
626,female,2010,16006
768,female,2010,207002
772,female,2010,1078
776,female,2010,26443
780,female,2010,202082
788,female,2010,254516
792,female,2010,1282117
795,female,2010,122697
796,female,2010,1321
798,female,2010,1535
800,female,2010,362040
804,female,2010,2993524
784,female,2010,55274
826,female,2010,2213254
834,female,2010,130956
840,female,2010,1330876
850,female,2010,1633
858,female,2010,177089
860,female,2010,909791
548,female,2010,3875
862,female,2010,312313
704,female,2010,1158204
876,female,2010,3829
732,female,2010,67847
887,female,2010,285523
894,female,2010,109327
716,female,2010,349568
900,female,2015,119997907
other_south,female,2015,3547965
other_north,female,2015,1616536
4,female,2015,2374521
8,female,2015,559242
12,female,2015,851490
16,female,2015,972
20,female,2015,4523
24,female,2015,325835
660,female,2015,1230
28,female,2015,28603
32,female,2015,484126
51,female,2015,438207
533,female,2015,9825
36,female,2015,275560
40,female,2015,291860
31,female,2015,525853
44,female,2015,24943
48,female,2015,27694
50,female,2015,2520960
52,female,2015,55614
112,female,2015,847481
56,female,2015,281566
84,female,2015,36580
204,female,2015,293846
60,female,2015,8351
64,female,2015,23234
68,female,2015,435391
535,female,2015,6236
70,female,2015,833670
72,female,2015,31769
76,female,2015,879819
92,female,2015,2905
96,female,2015,18663
100,female,2015,671360
854,female,2015,669493
108,female,2015,233487
132,female,2015,95147
116,female,2015,552737
120,female,2015,178321
124,female,2015,793972
136,female,2015,943
140,female,2015,337870
148,female,2015,87175
830,female,2015,10369
152,female,2015,327685
156,female,2015,5438010
344,female,2015,499936
446,female,2015,76713
170,female,2015,1469212
174,female,2015,59442
178,female,2015,112374
184,female,2015,10868
188,female,2015,79796
384,female,2015,535056
191,female,2015,435757
192,female,2015,804328
531,female,2015,57430
196,female,2015,97652
203,female,2015,475035
408,female,2015,51185
180,female,2015,776715
208,female,2015,127530
262,female,2015,8366
212,female,2015,42810
214,female,2015,847576
218,female,2015,592913
818,female,2015,1126244
222,female,2015,760594
226,female,2015,54015
232,female,2015,279135
233,female,2015,107856
748,female,2015,45969
231,female,2015,367171
238,female,2015,837
234,female,2015,8411
242,female,2015,108855
246,female,2015,176214
250,female,2015,1101224
254,female,2015,2529
258,female,2015,820
266,female,2015,22615
270,female,2015,35997
268,female,2015,423799
276,female,2015,2007072
288,female,2015,431946
292,female,2015,6532
300,female,2015,400154
304,female,2015,10320
308,female,2015,39474
312,female,2015,6804
316,female,2015,1155
320,female,2015,560960
324,female,2015,215464
624,female,2015,46695
328,female,2015,259945
332,female,2015,675665
336,female,2015,197
340,female,2015,424885
348,female,2015,286915
352,female,2015,19620
356,female,2015,5550975
360,female,2015,1806048
364,female,2015,544497
368,female,2015,792388
372,female,2015,406249
833,female,2015,5730
376,female,2015,164811
380,female,2015,1275167
388,female,2015,590883
392,female,2015,424110
400,female,2015,254490
398,female,2015,2084587
404,female,2015,256048
296,female,2015,2106
414,female,2015,73810
417,female,2015,385192
418,female,2015,694841
428,female,2015,171805
422,female,2015,314535
426,female,2015,148186
430,female,2015,103288
434,female,2015,73139
438,female,2015,2013
440,female,2015,313002
442,female,2015,36112
450,female,2015,107566
454,female,2015,117451
458,female,2015,969140
462,female,2015,1582
466,female,2015,531912
470,female,2015,52988
584,female,2015,3859
474,female,2015,7409
478,female,2015,40419
480,female,2015,94950
175,female,2015,3337
484,female,2015,5565783
583,female,2015,10321
492,female,2015,15425
496,female,2015,34867
499,female,2015,83234
500,female,2015,11638
504,female,2015,1401223
508,female,2015,333408
104,female,2015,1245667
516,female,2015,93242
520,female,2015,1141
524,female,2015,801173
528,female,2015,448250
540,female,2015,2498
554,female,2015,362743
558,female,2015,346486
562,female,2015,157602
566,female,2015,598749
570,female,2015,2737
807,female,2015,270910
580,female,2015,1276
578,female,2015,105881
512,female,2015,10910
586,female,2015,2102205
585,female,2015,1230
591,female,2015,76713
598,female,2015,100630
600,female,2015,480861
604,female,2015,794742
608,female,2015,2634940
616,female,2015,2149069
620,female,2015,1250977
630,female,2015,953725
634,female,2015,81783
410,female,2015,1045330
498,female,2015,490359
638,female,2015,67329
642,female,2015,1816509
643,female,2015,5739734
646,female,2015,305225
654,female,2015,3396
659,female,2015,65203
662,female,2015,33747
666,female,2015,1207
670,female,2015,29271
882,female,2015,59378
674,female,2015,2398
678,female,2015,19040
682,female,2015,122436
686,female,2015,223132
688,female,2015,422655
690,female,2015,18887
694,female,2015,86494
702,female,2015,161193
534,female,2015,13035
703,female,2015,164115
705,female,2015,76448
90,female,2015,1960
706,female,2015,945041
710,female,2015,391378
728,female,2015,529789
724,female,2015,691908
144,female,2015,633588
275,female,2015,1765147
729,female,2015,831839
740,female,2015,222200
752,female,2015,182030
756,female,2015,345296
760,female,2015,2701916
762,female,2015,259322
764,female,2015,590462
626,female,2015,16771
768,female,2015,256580
772,female,2015,1075
776,female,2015,35355
780,female,2015,181127
788,female,2015,333029
792,female,2015,1544855
795,female,2015,132899
796,female,2015,13547
798,female,2015,1616
800,female,2015,375626
804,female,2015,3155965
784,female,2015,64814
826,female,2015,1979345
834,female,2015,152081
840,female,2015,1473126
850,female,2015,12329
858,female,2015,322170
860,female,2015,944619
548,female,2015,3602
862,female,2015,388990
704,female,2015,1249066
876,female,2015,5859
732,female,2015,88794
887,female,2015,383862
894,female,2015,229477
716,female,2015,417846
900,female,2019,130154101
other_south,female,2019,3677163
other_north,female,2019,1699000
4,female,2019,2392067
8,female,2019,587878
12,female,2019,903212
16,female,2019,905
20,female,2019,4788
24,female,2019,336031
660,female,2019,1298
28,female,2019,30136
32,female,2019,523322
51,female,2019,447554
533,female,2019,10986
36,female,2019,299835
40,female,2019,307883
31,female,2019,533807
44,female,2019,27087
48,female,2019,35937
50,female,2019,2619047
52,female,2019,60841
112,female,2019,851029
56,female,2019,304647
84,female,2019,39793
204,female,2019,307628
60,female,2019,9185
64,female,2019,23976
68,female,2019,462158
535,female,2019,6807
70,female,2019,851359
72,female,2019,35443
76,female,2019,1007396
92,female,2019,3018
96,female,2019,19373
100,female,2019,875375
854,female,2019,697021
108,female,2019,317681
132,female,2019,102798
116,female,2019,588518
120,female,2019,194102
124,female,2019,812773
136,female,2019,1071
140,female,2019,382177
148,female,2019,94502
830,female,2019,11725
152,female,2019,344329
156,female,2019,5762682
344,female,2019,533421
446,female,2019,90031
170,female,2019,1561138
174,female,2019,61511
178,female,2019,118456
184,female,2019,11373
188,female,2019,86651
384,female,2019,562434
191,female,2019,511545
192,female,2019,885663
531,female,2019,63451
196,female,2019,108377
203,female,2019,508931
408,female,2019,53916
180,female,2019,851630
208,female,2019,134915
262,female,2019,9182
212,female,2019,45783
214,female,2019,914729
218,female,2019,625963
818,female,2019,1252325
222,female,2019,804875
226,female,2019,58346
232,female,2019,350559
233,female,2019,114467
748,female,2019,51150
231,female,2019,408224
238,female,2019,934
234,female,2019,7917
242,female,2019,117103
246,female,2019,177643
250,female,2019,1173954
254,female,2019,2589
258,female,2019,879
266,female,2019,24335
270,female,2019,40505
268,female,2019,427689
276,female,2019,2143947
288,female,2019,460262
292,female,2019,7350
300,female,2019,496059
304,female,2019,10702
308,female,2019,42791
312,female,2019,7036
316,female,2019,1198
320,female,2019,609824
324,female,2019,232625
624,female,2019,48812
328,female,2019,281455
332,female,2019,729575
336,female,2019,122
340,female,2019,472012
348,female,2019,316303
352,female,2019,21403
356,female,2019,6067871
360,female,2019,2040940
364,female,2019,599590
368,female,2019,994517
372,female,2019,444400
833,female,2019,6553
376,female,2019,179306
380,female,2019,1432823
388,female,2019,637357
392,female,2019,459987
400,female,2019,284055
398,female,2019,2140149
404,female,2019,278193
296,female,2019,2232
414,female,2019,80586
417,female,2019,392945
418,female,2019,750810
428,female,2019,183269
422,female,2019,344700
426,female,2019,165538
430,female,2019,109894
434,female,2019,81989
438,female,2019,2054
440,female,2019,336478
442,female,2019,38306
450,female,2019,113562
454,female,2019,124093
458,female,2019,955934
462,female,2019,1633
466,female,2019,544841
470,female,2019,56892
584,female,2019,4200
474,female,2019,7660
478,female,2019,49394
480,female,2019,103180
175,female,2019,3387
484,female,2019,5518534
583,female,2019,10983
492,female,2019,16554
496,female,2019,38338
499,female,2019,81260
500,female,2019,12829
504,female,2019,1489163
508,female,2019,360347
104,female,2019,1374889
516,female,2019,104399
520,female,2019,1217
524,female,2019,886106
528,female,2019,484578
540,female,2019,2644
554,female,2019,384501
558,female,2019,366996
562,female,2019,164431
566,female,2019,680485
570,female,2019,2844
807,female,2019,308785
580,female,2019,1345
578,female,2019,115226
512,female,2019,11675
586,female,2019,2173937
585,female,2019,1268
591,female,2019,82892
598,female,2019,107386
600,female,2019,499368
604,female,2019,878379
608,female,2019,2881646
616,female,2019,2291016
620,female,2019,1336269
630,female,2019,1030209
634,female,2019,87439
410,female,2019,1088894
498,female,2019,539532
638,female,2019,72123
642,female,2019,1898583
643,female,2019,5924715
646,female,2019,302248
654,female,2019,4014
659,female,2019,70001
662,female,2019,36437
666,female,2019,1289
670,female,2019,31549
882,female,2019,63223
674,female,2019,1445
678,female,2019,19631
682,female,2019,136166
686,female,2019,245834
688,female,2019,486079
690,female,2019,20043
694,female,2019,94454
702,female,2019,178364
534,female,2019,14594
703,female,2019,185114
705,female,2019,79535
90,female,2019,2176
706,female,2019,992884
710,female,2019,427277
728,female,2019,1317116
724,female,2019,778499
144,female,2019,733807
275,female,2019,1853043
729,female,2019,914921
740,female,2019,229437
752,female,2019,196302
756,female,2019,367251
760,female,2019,3389582
762,female,2019,254126
764,female,2019,657109
626,female,2019,17542
768,female,2019,274618
772,female,2019,1113
776,female,2019,37793
780,female,2019,197579
788,female,2019,356847
792,female,2019,1673459
795,female,2019,134144
796,female,2019,14518
798,female,2019,1660
800,female,2019,375839
804,female,2019,3242539
784,female,2019,72741
826,female,2019,2103508
834,female,2019,161852
840,female,2019,1574001
850,female,2019,13145
858,female,2019,341989
860,female,2019,958041
548,female,2019,3869
862,female,2019,1302797
704,female,2019,1369761
876,female,2019,6189
732,female,2019,92336
887,female,2019,444508
894,female,2019,262366
716,female,2019,465281
