geo,gender,year,emigrant_stock
afg,male,1990,3711922
alb,male,1990,109462
dza,male,1990,521333
asm,male,1990,1049
and,male,1990,1769
ago,male,1990,405495
aia,male,1990,1069
atg,male,1990,9817
arg,male,1990,203585
arm,male,1990,436870
abw,male,1990,4742
aus,male,1990,140739
aut,male,1990,234736
aze,male,1990,767943
bhs,male,1990,10628
bhr,male,1990,6120
bgd,male,1990,3162922
brb,male,1990,40155
blr,male,1990,815549
bel,male,1990,157201
blz,male,1990,15094
ben,male,1990,127252
bmu,male,1990,34703
btn,male,1990,13925
bol,male,1990,115446
bes,male,1990,1627
bih,male,1990,427370
bwa,male,1990,19235
bra,male,1990,226370
vgb,male,1990,1340
brn,male,1990,15605
bgr,male,1990,300437
bfa,male,1990,573295
bdi,male,1990,173900
cpv,male,1990,42683
khm,male,1990,174750
cmr,male,1990,60068
can,male,1990,367069
cym,male,1990,192
caf,male,1990,24207
tcd,male,1990,168103
chanisl,male,1990,8755
chl,male,1990,248431
chn,male,1990,2197578
hkg,male,1990,272012
mac,male,1990,48482
col,male,1990,458889
com,male,1990,22062
cog,male,1990,51516
cok,male,1990,8377
cri,male,1990,29259
civ,male,1990,185637
hrv,male,1990,214262
cub,male,1990,399247
nld_curacao,male,1990,21911
cyp,male,1990,90736
cze,male,1990,130307
prk,male,1990,19237
cod,male,1990,217217
dnk,male,1990,91640
dji,male,1990,2890
dma,male,1990,19308
dom,male,1990,198693
ecu,male,1990,105646
egy,male,1990,822942
slv,male,1990,608584
gnq,male,1990,17710
eri,male,1990,89618
est,male,1990,54319
swz,male,1990,25590
eth,male,1990,856303
flk,male,1990,141
fro,male,1990,2989
fji,male,1990,43627
fin,male,1990,101915
fra,male,1990,572512
guf,male,1990,1251
pyf,male,1990,1595
gab,male,1990,7736
gmb,male,1990,20808
geo,male,1990,446509
deu,male,1990,1341083
gha,male,1990,187378
gib,male,1990,5671
grc,male,1990,533599
grl,male,1990,3774
grd,male,1990,19604
glp,male,1990,2590
gum,male,1990,694
gtm,male,1990,175902
gin,male,1990,201530
gnb,male,1990,27432
guy,male,1990,110794
hti,male,1990,295179
hos,male,1990,13
hnd,male,1990,66907
hun,male,1990,192180
isl,male,1990,8627
ind,male,1990,3808569
idn,male,1990,952658
irn,male,1990,362238
irq,male,1990,854950
irl,male,1990,413220
gbm,male,1990,5098
isr,male,1990,139359
ita,male,1990,1739405
jam,male,1990,268189
jpn,male,1990,301529
jor,male,1990,187416
kaz,male,1990,1427482
ken,male,1990,123049
kir,male,1990,1937
kwt,male,1990,45235
kgz,male,1990,252638
lao,male,1990,237318
lva,male,1990,99944
lbn,male,1990,292677
lso,male,1990,145916
lbr,male,1990,260645
lby,male,1990,40088
lie,male,1990,1447
ltu,male,1990,152604
lux,male,1990,18562
mdg,male,1990,25594
mwi,male,1990,84442
mys,male,1990,276687
mdv,male,1990,1698
mli,male,1990,360545
mlt,male,1990,56497
mhl,male,1990,707
mtq,male,1990,5609
mrt,male,1990,75174
mus,male,1990,51465
myt,male,1990,986
mex,male,1990,2358113
fsm,male,1990,3935
mco,male,1990,2256
mng,male,1990,11762
mne,male,1990,38819
msr,male,1990,3366
mar,male,1990,984687
moz,male,1990,1202056
mmr,male,1990,376109
nam,male,1990,9361
nru,male,1990,627
npl,male,1990,389294
nld,male,1990,357079
ncl,male,1990,1928
nzl,male,1990,196197
nic,male,1990,219810
ner,male,1990,94787
nga,male,1990,255399
niu,male,1990,2832
mkd,male,1990,217104
mnp,male,1990,1204
nor,male,1990,59894
omn,male,1990,6450
pak,male,1990,1971601
plw,male,1990,1369
pan,male,1990,66563
png,male,1990,1573
pry,male,1990,131629
per,male,1990,150342
phl,male,1990,833735
pol,male,1990,706964
prt,male,1990,965010
pri,male,1990,574860
qat,male,1990,6028
kor,male,1990,808147
mda,male,1990,290611
reu,male,1990,1571
rou,male,1990,377349
rus,male,1990,5516075
rwa,male,1990,276832
shn,male,1990,386
kna,male,1990,9534
lca,male,1990,10053
spm,male,1990,240
vct,male,1990,17907
wsm,male,1990,36602
smr,male,1990,572
stp,male,1990,6742
sau,male,1990,57765
sen,male,1990,230827
srb,male,1990,393867
syc,male,1990,17221
sle,male,1990,31968
sgp,male,1990,74563
sxm,male,1990,7556
svk,male,1990,65930
svn,male,1990,39984
slb,male,1990,1134
som,male,1990,448855
zaf,male,1990,150244
ssd,male,1990,266794
esp,male,1990,683813
lka,male,1990,459025
pse,male,1990,888310
sdn,male,1990,336129
sur,male,1990,87554
swe,male,1990,87854
che,male,1990,145574
syr,male,1990,355555
tjk,male,1990,264426
tha,male,1990,122822
tls,male,1990,5921
tgo,male,1990,95240
tkl,male,1990,836
ton,male,1990,16197
tto,male,1990,87603
tun,male,1990,281462
tur,male,1990,1362030
tkm,male,1990,127446
tca,male,1990,1006
tuv,male,1990,1203
uga,male,1990,157870
ukr,male,1990,2634767
are,male,1990,44699
gbr,male,1990,1876268
tza,male,1990,107187
usa,male,1990,869586
vir,male,1990,1175
ury,male,1990,116499
uzb,male,1990,685800
vut,male,1990,2646
ven,male,1990,83012
vnm,male,1990,636418
wlf,male,1990,3664
esh,male,1990,92655
yem,male,1990,290313
zmb,male,1990,42599
zwe,male,1990,105757
afg,male,1995,2086908
alb,male,1995,282009
dza,male,1995,550248
asm,male,1995,1365
and,male,1995,1969
ago,male,1995,344806
aia,male,1995,1329
atg,male,1995,12511
arg,male,1995,230277
arm,male,1995,456436
abw,male,1995,4765
aus,male,1995,158928
aut,male,1995,228363
aze,male,1995,843133
bhs,male,1995,12642
bhr,male,1995,13255
bgd,male,1995,3162339
brb,male,1995,42518
blr,male,1995,780223
bel,male,1995,162039
blz,male,1995,17649
ben,male,1995,148769
bmu,male,1995,20713
btn,male,1995,59855
bol,male,1995,144466
bes,male,1995,1866
bih,male,1995,668725
bwa,male,1995,15687
bra,male,1995,334246
vgb,male,1995,1851
brn,male,1995,21035
bgr,male,1995,313040
bfa,male,1995,681371
bdi,male,1995,277433
cpv,male,1995,50378
khm,male,1995,205879
cmr,male,1995,71882
can,male,1995,396508
cym,male,1995,364
caf,male,1995,25038
tcd,male,1995,112969
chanisl,male,1995,7477
chl,male,1995,245982
chn,male,1995,2555230
hkg,male,1995,304753
mac,male,1995,49674
col,male,1995,556642
com,male,1995,27870
cog,male,1995,60816
cok,male,1995,8150
cri,male,1995,35838
civ,male,1995,228586
hrv,male,1995,363146
cub,male,1995,446089
nld_curacao,male,1995,24951
cyp,male,1995,83481
cze,male,1995,159739
prk,male,1995,26634
cod,male,1995,278319
dnk,male,1995,94808
dji,male,1995,3904
dma,male,1995,20809
dom,male,1995,286463
ecu,male,1995,159665
egy,male,1995,950798
slv,male,1995,463123
gnq,male,1995,22473
eri,male,1995,197414
est,male,1995,60548
swz,male,1995,19849
eth,male,1995,413020
flk,male,1995,339
fro,male,1995,4114
fji,male,1995,50859
fin,male,1995,116240
fra,male,1995,645458
guf,male,1995,1395
pyf,male,1995,1871
gab,male,1995,8326
gmb,male,1995,22148
geo,male,1995,480839
deu,male,1995,1413344
gha,male,1995,215800
gib,male,1995,4891
grc,male,1995,520750
grl,male,1995,4555
grd,male,1995,24531
glp,male,1995,2959
gum,male,1995,853
gtm,male,1995,234893
gin,male,1995,207744
gnb,male,1995,34140
guy,male,1995,140250
hti,male,1995,364006
hos,male,1995,18
hnd,male,1995,106409
hun,male,1995,201673
isl,male,1995,10444
ind,male,1995,4115988
idn,male,1995,1108198
irn,male,1995,419868
irq,male,1995,758301
irl,male,1995,385446
gbm,male,1995,4363
isr,male,1995,145086
ita,male,1995,1663905
jam,male,1995,324846
jpn,male,1995,321715
jor,male,1995,205789
kaz,male,1995,1557198
ken,male,1995,135358
kir,male,1995,2033
kwt,male,1995,55505
kgz,male,1995,266045
lao,male,1995,270222
lva,male,1995,105402
lbn,male,1995,303653
lso,male,1995,94109
lbr,male,1995,267594
lby,male,1995,40788
lie,male,1995,1306
ltu,male,1995,150791
lux,male,1995,19258
mdg,male,1995,28617
mwi,male,1995,88873
mys,male,1995,402529
mdv,male,1995,1216
mli,male,1995,451802
mlt,male,1995,55532
mhl,male,1995,2080
mtq,male,1995,6094
mrt,male,1995,85266
mus,male,1995,51948
myt,male,1995,1948
mex,male,1995,3746879
fsm,male,1995,6151
mco,male,1995,2391
mng,male,1995,12872
mne,male,1995,70517
msr,male,1995,5198
mar,male,1995,1040460
moz,male,1995,485281
mmr,male,1995,494609
nam,male,1995,14976
nru,male,1995,700
npl,male,1995,453522
nld,male,1995,364984
ncl,male,1995,2136
nzl,male,1995,209538
nic,male,1995,216722
ner,male,1995,111381
nga,male,1995,302205
niu,male,1995,2649
mkd,male,1995,245978
mnp,male,1995,1279
nor,male,1995,65436
omn,male,1995,7236
pak,male,1995,1997000
plw,male,1995,1371
pan,male,1995,66034
png,male,1995,2038
pry,male,1995,147158
per,male,1995,233472
phl,male,1995,1051958
pol,male,1995,792771
prt,male,1995,987204
pri,male,1995,637912
qat,male,1995,6700
kor,male,1995,896501
mda,male,1995,297871
reu,male,1995,1258
rou,male,1995,459895
rus,male,1995,4997721
rwa,male,1995,1021476
shn,male,1995,951
kna,male,1995,11982
lca,male,1995,13836
spm,male,1995,248
vct,male,1995,22282
wsm,male,1995,39841
smr,male,1995,1133
stp,male,1995,9158
sau,male,1995,74269
sen,male,1995,221547
srb,male,1995,480918
syc,male,1995,13271
sle,male,1995,230242
sgp,male,1995,79823
sxm,male,1995,8613
svk,male,1995,95216
svn,male,1995,47528
slb,male,1995,1281
som,male,1995,507823
zaf,male,1995,188753
ssd,male,1995,233701
esp,male,1995,635429
lka,male,1995,488668
pse,male,1995,1129570
sdn,male,1995,439827
sur,male,1995,92300
swe,male,1995,97610
che,male,1995,153276
syr,male,1995,379907
tjk,male,1995,289711
tha,male,1995,158141
tls,male,1995,39834
tgo,male,1995,148885
tkl,male,1995,900
ton,male,1995,18859
tto,male,1995,109815
tun,male,1995,281984
tur,male,1995,1437641
tkm,male,1995,119546
tca,male,1995,681
tuv,male,1995,1380
uga,male,1995,177884
ukr,male,1995,2643348
are,male,1995,57444
gbr,male,1995,1847222
tza,male,1995,119451
usa,male,1995,920259
vir,male,1995,1701
ury,male,1995,114568
uzb,male,1995,746211
vut,male,1995,3004
ven,male,1995,107385
vnm,male,1995,805214
wlf,male,1995,3715
esh,male,1995,91863
yem,male,1995,312870
zmb,male,1995,67738
zwe,male,1995,148058
afg,male,2000,2627404
alb,male,2000,454759
dza,male,2000,580340
asm,male,2000,1629
and,male,2000,2676
ago,male,2000,457936
aia,male,2000,1586
atg,male,2000,15328
arg,male,2000,268403
arm,male,2000,469689
abw,male,2000,4855
aus,male,2000,177357
aut,male,2000,223303
aze,male,2000,845849
bhs,male,2000,14803
bhr,male,2000,24584
bgd,male,2000,3193647
brb,male,2000,45132
blr,male,2000,735869
bel,male,2000,173349
blz,male,2000,20423
ben,male,2000,174756
bmu,male,2000,6965
btn,male,2000,61418
bol,male,2000,174725
bes,male,2000,2161
bih,male,2000,732016
bwa,male,2000,16142
bra,male,2000,422681
vgb,male,2000,2381
brn,male,2000,27186
bgr,male,2000,326590
bfa,male,2000,715933
bdi,male,2000,388446
cpv,male,2000,59328
khm,male,2000,223795
cmr,male,2000,85102
can,male,2000,430966
cym,male,2000,559
caf,male,2000,27494
tcd,male,2000,107499
chanisl,male,2000,6316
chl,male,2000,246879
chn,male,2000,2924795
hkg,male,2000,338537
mac,male,2000,51266
col,male,2000,659035
com,male,2000,36958
cog,male,2000,70570
cok,male,2000,9491
cri,male,2000,44763
civ,male,2000,271366
hrv,male,2000,435927
cub,male,2000,500263
nld_curacao,male,2000,28790
cyp,male,2000,76419
cze,male,2000,194082
prk,male,2000,36008
cod,male,2000,426567
dnk,male,2000,100508
dji,male,2000,5201
dma,male,2000,22471
dom,male,2000,378717
ecu,male,2000,217738
egy,male,2000,1105651
slv,male,2000,480302
gnq,male,2000,28900
eri,male,2000,255453
est,male,2000,65087
swz,male,2000,19128
eth,male,2000,239368
flk,male,2000,530
fro,male,2000,5236
fji,male,2000,63313
fin,male,2000,125863
fra,male,2000,748747
guf,male,2000,1554
pyf,male,2000,2126
gab,male,2000,8987
gmb,male,2000,26239
geo,male,2000,502619
deu,male,2000,1520562
gha,male,2000,251589
gib,male,2000,4175
grc,male,2000,506345
grl,male,2000,5367
grd,male,2000,28932
glp,male,2000,3333
gum,male,2000,1389
gtm,male,2000,297961
gin,male,2000,211833
gnb,male,2000,42479
guy,male,2000,172040
hti,male,2000,435265
hos,male,2000,28
hnd,male,2000,148486
hun,male,2000,210809
isl,male,2000,12770
ind,male,2000,4626746
idn,male,2000,1349563
irn,male,2000,456731
irq,male,2000,669164
irl,male,2000,361701
gbm,male,2000,3675
isr,male,2000,152335
ita,male,2000,1590886
jam,male,2000,385849
jpn,male,2000,342999
jor,male,2000,226322
kaz,male,2000,1652933
ken,male,2000,154219
kir,male,2000,1898
kwt,male,2000,66343
kgz,male,2000,273035
lao,male,2000,317565
lva,male,2000,108979
lbn,male,2000,316853
lso,male,2000,67217
lbr,male,2000,123298
lby,male,2000,42661
lie,male,2000,1203
ltu,male,2000,151603
lux,male,2000,20008
mdg,male,2000,32323
mwi,male,2000,110218
mys,male,2000,541038
mdv,male,2000,699
mli,male,2000,430285
mlt,male,2000,52321
mhl,male,2000,3489
mtq,male,2000,6596
mrt,male,2000,65706
mus,male,2000,53308
myt,male,2000,2977
mex,male,2000,5173006
fsm,male,2000,8518
mco,male,2000,2534
mng,male,2000,13870
mne,male,2000,86674
msr,male,2000,7084
mar,male,2000,1134396
moz,male,2000,391217
mmr,male,2000,656672
nam,male,2000,24831
nru,male,2000,773
npl,male,2000,524844
nld,male,2000,376233
ncl,male,2000,2276
nzl,male,2000,245677
nic,male,2000,245431
ner,male,2000,126971
nga,male,2000,352621
niu,male,2000,2789
mkd,male,2000,267120
mnp,male,2000,1337
nor,male,2000,71238
omn,male,2000,8240
pak,male,2000,2057564
plw,male,2000,1857
pan,male,2000,68256
png,male,2000,2281
pry,male,2000,162820
per,male,2000,314501
phl,male,2000,1319731
pol,male,2000,882599
prt,male,2000,1021757
pri,male,2000,688515
qat,male,2000,7498
kor,male,2000,961244
mda,male,2000,299271
reu,male,2000,1057
rou,male,2000,542812
rus,male,2000,4532634
rwa,male,2000,157929
shn,male,2000,1594
kna,male,2000,14506
lca,male,2000,17697
spm,male,2000,262
vct,male,2000,26271
wsm,male,2000,46571
smr,male,2000,1693
stp,male,2000,11887
sau,male,2000,89883
sen,male,2000,241862
srb,male,2000,591625
syc,male,2000,8747
sle,male,2000,254797
sgp,male,2000,91234
sxm,male,2000,9966
svk,male,2000,125263
svn,male,2000,52242
slb,male,2000,1346
som,male,2000,517694
zaf,male,2000,245979
ssd,male,2000,190326
esp,male,2000,588290
lka,male,2000,525749
pse,male,2000,1400427
sdn,male,2000,502757
sur,male,2000,99756
swe,male,2000,113193
che,male,2000,169914
syr,male,2000,407719
tjk,male,2000,299120
tha,male,2000,200011
tls,male,2000,74436
tgo,male,2000,130918
tkl,male,2000,1017
ton,male,2000,22966
tto,male,2000,133406
tun,male,2000,282158
tur,male,2000,1504358
tkm,male,2000,109624
tca,male,2000,356
tuv,male,2000,1354
uga,male,2000,254466
ukr,male,2000,2618904
are,male,2000,66254
gbr,male,2000,1933223
tza,male,2000,108657
usa,male,2000,995537
vir,male,2000,2256
ury,male,2000,115418
uzb,male,2000,787236
vut,male,2000,3332
ven,male,2000,141875
vnm,male,2000,967850
wlf,male,2000,3762
esh,male,2000,91073
yem,male,2000,343820
zmb,male,2000,77131
zwe,male,2000,181681
afg,male,2005,2146799
alb,male,2005,517484
dza,male,2005,835923
asm,male,2005,1327
and,male,2005,2772
ago,male,2005,353314
aia,male,2005,1553
atg,male,2005,17087
arg,male,2005,398937
arm,male,2005,486449
abw,male,2005,5777
aus,male,2005,201968
aut,male,2005,228122
aze,male,2005,752248
bhs,male,2005,15115
bhr,male,2005,27447
bgd,male,2005,3487433
brb,male,2005,44122
blr,male,2005,683233
bel,male,2005,203670
blz,male,2005,22263
ben,male,2005,280619
bmu,male,2005,7400
btn,male,2005,60238
bol,male,2005,265906
bes,male,2005,2533
bih,male,2005,724718
bwa,male,2005,19823
bra,male,2005,526416
vgb,male,2005,2607
brn,male,2005,26984
bgr,male,2005,426102
bfa,male,2005,766198
bdi,male,2005,386384
cpv,male,2005,66555
khm,male,2005,319690
cmr,male,2005,110732
can,male,2005,455504
cym,male,2005,590
caf,male,2005,61509
tcd,male,2005,113702
chanisl,male,2005,7182
chl,male,2005,260273
chn,male,2005,3537921
hkg,male,2005,407716
mac,male,2005,55718
col,male,2005,860797
com,male,2005,49846
cog,male,2005,86503
cok,male,2005,9551
cri,male,2005,51094
civ,male,2005,346170
hrv,male,2005,399827
cub,male,2005,554287
nld_curacao,male,2005,33784
cyp,male,2005,76520
cze,male,2005,269986
prk,male,2005,44176
cod,male,2005,584077
dnk,male,2005,106983
dji,male,2005,6515
dma,male,2005,28876
dom,male,2005,433598
ecu,male,2005,479094
egy,male,2005,1245627
slv,male,2005,568652
gnq,male,2005,33828
eri,male,2005,150285
est,male,2005,67985
swz,male,2005,24645
eth,male,2005,283374
flk,male,2005,471
fro,male,2005,5228
fji,male,2005,75150
fin,male,2005,122374
fra,male,2005,833411
guf,male,2005,1619
pyf,male,2005,1372
gab,male,2005,20427
gmb,male,2005,36999
geo,male,2005,455465
deu,male,2005,1631122
gha,male,2005,355242
gib,male,2005,4754
grc,male,2005,450549
grl,male,2005,6090
grd,male,2005,28903
glp,male,2005,3767
gum,male,2005,1233
gtm,male,2005,375448
gin,male,2005,229267
gnb,male,2005,45454
guy,male,2005,185751
hti,male,2005,518464
hos,male,2005,55
hnd,male,2005,195927
hun,male,2005,229504
isl,male,2005,14234
ind,male,2005,5810580
idn,male,2005,1549624
irn,male,2005,493413
irq,male,2005,792549
irl,male,2005,343031
gbm,male,2005,4175
isr,male,2005,163223
ita,male,2005,1413801
jam,male,2005,403341
jpn,male,2005,342972
jor,male,2005,273089
kaz,male,2005,1736358
ken,male,2005,171476
kir,male,2005,1940
kwt,male,2005,74463
kgz,male,2005,315930
lao,male,2005,420876
lva,male,2005,121956
lbn,male,2005,354837
lso,male,2005,85422
lbr,male,2005,172285
lby,male,2005,53733
lie,male,2005,1310
ltu,male,2005,179841
lux,male,2005,26368
mdg,male,2005,64414
mwi,male,2005,128982
mys,male,2005,631440
mdv,male,2005,855
mli,male,2005,505082
mlt,male,2005,49868
mhl,male,2005,3337
mtq,male,2005,6742
mrt,male,2005,63480
mus,male,2005,59804
myt,male,2005,3138
mex,male,2005,5877266
fsm,male,2005,9227
mco,male,2005,9585
mng,male,2005,19770
mne,male,2005,70409
msr,male,2005,7098
mar,male,2005,1368980
moz,male,2005,410361
mmr,male,2005,990423
nam,male,2005,32108
nru,male,2005,939
npl,male,2005,634984
nld,male,2005,402516
ncl,male,2005,2490
nzl,male,2005,281158
nic,male,2005,210252
ner,male,2005,182607
nga,male,2005,436337
niu,male,2005,2590
mkd,male,2005,230116
mnp,male,2005,1352
nor,male,2005,77933
omn,male,2005,9652
pak,male,2005,2391824
plw,male,2005,1825
pan,male,2005,65753
png,male,2005,2229
pry,male,2005,238523
per,male,2005,439816
phl,male,2005,1621020
pol,male,2005,1309811
prt,male,2005,899776
pri,male,2005,711226
qat,male,2005,9231
kor,male,2005,1009060
mda,male,2005,342316
reu,male,2005,1069
rou,male,2005,988514
rus,male,2005,4446927
rwa,male,2005,140620
shn,male,2005,1516
kna,male,2005,15498
lca,male,2005,20540
spm,male,2005,221
vct,male,2005,26695
wsm,male,2005,48840
smr,male,2005,1299
stp,male,2005,13883
sau,male,2005,104065
sen,male,2005,287814
srb,male,2005,476097
syc,male,2005,10058
sle,male,2005,74586
sgp,male,2005,112097
sxm,male,2005,11609
svk,male,2005,128740
svn,male,2005,52919
slb,male,2005,1456
som,male,2005,591227
zaf,male,2005,295014
ssd,male,2005,133736
esp,male,2005,510206
lka,male,2005,622994
pse,male,2005,1566404
sdn,male,2005,675633
sur,male,2005,116931
swe,male,2005,120351
che,male,2005,236540
syr,male,2005,511972
tjk,male,2005,327751
tha,male,2005,232848
tls,male,2005,50258
tgo,male,2005,192070
tkl,male,2005,1037
ton,male,2005,24033
tto,male,2005,139313
tun,male,2005,329618
tur,male,2005,1445075
tkm,male,2005,111042
tca,male,2005,532
tuv,male,2005,1482
uga,male,2005,277800
ukr,male,2005,2557797
are,male,2005,57148
gbr,male,2005,2090132
tza,male,2005,118671
usa,male,2005,1151504
vir,male,2005,2155
ury,male,2005,146476
uzb,male,2005,880088
vut,male,2005,3837
ven,male,2005,194708
vnm,male,2005,1076437
wlf,male,2005,3700
esh,male,2005,71895
yem,male,2005,413352
zmb,male,2005,86755
zwe,male,2005,255384
afg,male,2010,2784052
alb,male,2010,582786
dza,male,2010,914618
asm,male,2010,1098
and,male,2010,3864
ago,male,2010,327846
aia,male,2010,1220
atg,male,2010,18705
arg,male,2010,462852
arm,male,2010,494349
abw,male,2010,6345
aus,male,2010,237233
aut,male,2010,233202
aze,male,2010,621832
bhs,male,2010,15393
bhr,male,2010,28058
bgd,male,2010,4346730
brb,male,2010,45125
blr,male,2010,622804
bel,male,2010,219794
blz,male,2010,24344
ben,male,2010,298042
bmu,male,2010,7586
btn,male,2010,44205
bol,male,2010,368772
bes,male,2010,5273
bih,male,2010,757830
bwa,male,2010,28157
bra,male,2010,646236
vgb,male,2010,2204
brn,male,2010,26186
bgr,male,2010,512252
bfa,male,2010,801820
bdi,male,2010,144061
cpv,male,2010,70177
khm,male,2010,450423
cmr,male,2010,136673
can,male,2010,486456
cym,male,2010,653
caf,male,2010,120300
tcd,male,2010,112335
chanisl,male,2010,7744
chl,male,2010,270591
chn,male,2010,4105860
hkg,male,2010,487259
mac,male,2010,60844
col,male,2010,1163939
com,male,2010,54167
cog,male,2010,93049
cok,male,2010,10066
cri,male,2010,56998
civ,male,2010,463781
hrv,male,2010,384541
cub,male,2010,617295
nld_curacao,male,2010,52437
cyp,male,2010,82161
cze,male,2010,337293
prk,male,2010,50351
cod,male,2010,632651
dnk,male,2010,111814
dji,male,2010,7194
dma,male,2010,31348
dom,male,2010,497213
ecu,male,2010,556385
egy,male,2010,1765924
slv,male,2010,670408
gnq,male,2010,40116
eri,male,2010,168238
est,male,2010,70824
swz,male,2010,37912
eth,male,2010,359614
flk,male,2010,515
fro,male,2010,5343
fji,male,2010,87171
fin,male,2010,114849
fra,male,2010,943996
guf,male,2010,1670
pyf,male,2010,787
gab,male,2010,18144
gmb,male,2010,48148
geo,male,2010,409632
deu,male,2010,1734554
gha,male,2010,405405
gib,male,2010,5124
grc,male,2010,410486
grl,male,2010,6715
grd,male,2010,27957
glp,male,2010,4423
gum,male,2010,1008
gtm,male,2010,463793
gin,male,2010,257058
gnb,male,2010,49363
guy,male,2010,204264
hti,male,2010,587907
hos,male,2010,76
hnd,male,2010,250151
hun,male,2010,248923
isl,male,2010,16474
ind,male,2010,8506094
idn,male,2010,1907249
irn,male,2010,532372
irq,male,2010,1398459
irl,male,2010,328902
gbm,male,2010,4533
isr,male,2010,173614
ita,male,2010,1332956
jam,male,2010,426930
jpn,male,2010,354916
jor,male,2010,384985
kaz,male,2010,1780215
ken,male,2010,212308
kir,male,2010,1736
kwt,male,2010,105434
kgz,male,2010,353008
lao,male,2010,553724
lva,male,2010,123206
lbn,male,2010,416490
lso,male,2010,130516
lbr,male,2010,109124
lby,male,2010,67544
lie,male,2010,1571
ltu,male,2010,226100
lux,male,2010,28987
mdg,male,2010,64627
mwi,male,2010,150989
mys,male,2010,737868
mdv,male,2010,1307
mli,male,2010,564457
mlt,male,2010,49441
mhl,male,2010,3210
mtq,male,2010,6782
mrt,male,2010,69184
mus,male,2010,67951
myt,male,2010,3104
mex,male,2010,6668177
fsm,male,2010,9712
mco,male,2010,13101
mng,male,2010,27679
mne,male,2010,67878
msr,male,2010,7841
mar,male,2010,1581825
moz,male,2010,514179
mmr,male,2010,1383025
nam,male,2010,48863
nru,male,2010,1103
npl,male,2010,837595
nld,male,2010,434316
ncl,male,2010,2436
nzl,male,2010,337946
nic,male,2010,287893
ner,male,2010,201800
nga,male,2010,530763
niu,male,2010,2613
mkd,male,2010,259717
mnp,male,2010,1339
nor,male,2010,81137
omn,male,2010,10845
pak,male,2010,3239398
plw,male,2010,1360
pan,male,2010,69152
png,male,2010,2098
pry,male,2010,329101
per,male,2010,565779
phl,male,2010,2162377
pol,male,2010,1740782
prt,male,2010,999435
pri,male,2010,738105
qat,male,2010,11113
kor,male,2010,1134380
mda,male,2010,384039
reu,male,2010,1094
rou,male,2010,1584365
rus,male,2010,4378173
rwa,male,2010,160212
shn,male,2010,1774
kna,male,2010,16141
lca,male,2010,21455
spm,male,2010,192
vct,male,2010,26010
wsm,male,2010,51456
smr,male,2010,863
stp,male,2010,14294
sau,male,2010,120238
sen,male,2010,350987
srb,male,2010,406284
syc,male,2010,11192
sle,male,2010,63071
sgp,male,2010,134448
sxm,male,2010,12488
svk,male,2010,119693
svn,male,2010,54640
slb,male,2010,1637
som,male,2010,835448
zaf,male,2010,368224
ssd,male,2010,210619
esp,male,2010,489494
lka,male,2010,800036
pse,male,2010,1713347
sdn,male,2010,707448
sur,male,2010,117293
swe,male,2010,134626
che,male,2010,291642
syr,male,2010,662355
tjk,male,2010,336638
tha,male,2010,281535
tls,male,2010,19014
tgo,male,2010,210148
tkl,male,2010,1090
ton,male,2010,25606
tto,male,2010,148451
tun,male,2010,361870
tur,male,2010,1441268
tkm,male,2010,113917
tca,male,2010,959
tuv,male,2010,1476
uga,male,2010,338358
ukr,male,2010,2439791
are,male,2010,65902
gbr,male,2010,2237000
tza,male,2010,132166
usa,male,2010,1339082
vir,male,2010,2080
ury,male,2010,161245
uzb,male,2010,970766
vut,male,2010,3971
ven,male,2010,246178
vnm,male,2010,1197972
wlf,male,2010,3633
esh,male,2010,76149
yem,male,2010,591862
zmb,male,2010,98980
zwe,male,2010,365827
afg,male,2015,2602489
alb,male,2015,569802
dza,male,2015,987184
asm,male,2015,995
and,male,2015,4200
ago,male,2015,318820
aia,male,2015,1335
atg,male,2015,23973
arg,male,2015,462689
arm,male,2015,508771
abw,male,2015,7726
aus,male,2015,254116
aut,male,2015,239591
aze,male,2015,611955
bhs,male,2015,18199
bhr,male,2015,30236
bgd,male,2015,4786567
brb,male,2015,48047
blr,male,2015,624714
bel,male,2015,250881
blz,male,2015,26676
ben,male,2015,341274
bmu,male,2015,8162
btn,male,2015,24748
bol,male,2015,390435
bes,male,2015,5393
bih,male,2015,772333
bwa,male,2015,45673
bra,male,2015,650965
vgb,male,2015,2302
brn,male,2015,26984
bgr,male,2015,484372
bfa,male,2015,848593
bdi,male,2015,228535
cpv,male,2015,77175
khm,male,2015,489768
cmr,male,2015,173672
can,male,2015,492909
cym,male,2015,816
caf,male,2015,347974
tcd,male,2015,104971
chanisl,male,2015,9517
chl,male,2015,292242
chn,male,2015,4723649
hkg,male,2015,542607
mac,male,2015,64288
col,male,2015,1234379
com,male,2015,56609
cog,male,2015,114373
cok,male,2015,10693
cri,male,2015,59729
civ,male,2015,520519
hrv,male,2015,380411
cub,male,2015,703332
nld_curacao,male,2015,53195
cyp,male,2015,94759
cze,male,2015,361705
prk,male,2015,56339
cod,male,2015,742422
dnk,male,2015,114366
dji,male,2015,8705
dma,male,2015,31036
dom,male,2015,609374
ecu,male,2015,538029
egy,male,2015,2061349
slv,male,2015,754007
gnq,male,2015,63007
eri,male,2015,308204
est,male,2015,87286
swz,male,2015,51152
eth,male,2015,414197
flk,male,2015,617
fro,male,2015,6366
fji,male,2015,99042
fin,male,2015,112666
fra,male,2015,1033824
guf,male,2015,1883
pyf,male,2015,1013
gab,male,2015,20836
gmb,male,2015,54255
geo,male,2015,417935
deu,male,2015,1749064
gha,male,2015,473906
gib,male,2015,6147
grc,male,2015,426152
grl,male,2015,7841
grd,male,2015,30408
glp,male,2015,4591
gum,male,2015,990
gtm,male,2015,558457
gin,male,2015,270114
gnb,male,2015,51723
guy,male,2015,223227
hti,male,2015,793468
hos,male,2015,109
hnd,male,2015,306211
hun,male,2015,267866
isl,male,2015,19433
ind,male,2015,10379225
idn,male,2015,2275644
irn,male,2015,626867
irq,male,2015,951206
irl,male,2015,338194
gbm,male,2015,5497
isr,male,2015,174256
ita,male,2015,1416897
jam,male,2015,440203
jpn,male,2015,356699
jor,male,2015,450863
kaz,male,2015,1820233
ken,male,2015,228712
kir,male,2015,2016
kwt,male,2015,114851
kgz,male,2015,360224
lao,male,2015,590385
lva,male,2015,136114
lbn,male,2015,454716
lso,male,2015,157178
lbr,male,2015,103418
lby,male,2015,85436
lie,male,2015,1561
ltu,male,2015,246731
lux,male,2015,33730
mdg,male,2015,68071
mwi,male,2015,185822
mys,male,2015,826623
mdv,male,2015,1353
mli,male,2015,690907
mlt,male,2015,50791
mhl,male,2015,3759
mtq,male,2015,6029
mrt,male,2015,67920
mus,male,2015,78039
myt,male,2015,3181
mex,male,2015,6358316
fsm,male,2015,10313
mco,male,2015,13926
mng,male,2015,31994
mne,male,2015,71423
msr,male,2015,9143
mar,male,2015,1583581
moz,male,2015,594404
mmr,male,2015,1596339
nam,male,2015,81270
nru,male,2015,1134
npl,male,2015,1212670
nld,male,2015,449517
ncl,male,2015,2299
nzl,male,2015,373294
nic,male,2015,301433
ner,male,2015,226633
nga,male,2015,657365
niu,male,2015,2632
mkd,male,2015,291997
mnp,male,2015,1363
nor,male,2015,84591
omn,male,2015,12129
pak,male,2015,3808155
plw,male,2015,1331
pan,male,2015,73704
png,male,2015,104495
pry,male,2015,361564
per,male,2015,592848
phl,male,2015,2312071
pol,male,2015,1855259
prt,male,2015,1210493
pri,male,2015,907799
qat,male,2015,78540
kor,male,2015,1044532
mda,male,2015,421087
reu,male,2015,57548
rou,male,2015,1545541
rus,male,2015,4454687
rwa,male,2015,290836
shn,male,2015,2233
kna,male,2015,51352
lca,male,2015,25351
spm,male,2015,994
vct,male,2015,26894
wsm,male,2015,57586
smr,male,2015,1258
stp,male,2015,16346
sau,male,2015,144758
sen,male,2015,361789
srb,male,2015,396618
syc,male,2015,15823
sle,male,2015,85240
sgp,male,2015,153088
sxm,male,2015,12776
svk,male,2015,137154
svn,male,2015,61634
slb,male,2015,1910
som,male,2015,1010421
zaf,male,2015,363266
ssd,male,2015,553091
esp,male,2015,579112
lka,male,2015,865264
pse,male,2015,1935449
sdn,male,2015,1016411
sur,male,2015,189880
swe,male,2015,145061
che,male,2015,292254
syr,male,2015,3525059
tjk,male,2015,343654
tha,male,2015,339723
tls,male,2015,20652
tgo,male,2015,250989
tkl,male,2015,1096
ton,male,2015,34706
tto,male,2015,128084
tun,male,2015,426788
tur,male,2015,1654360
tkm,male,2015,125089
tca,male,2015,15401
tuv,male,2015,1592
uga,male,2015,357898
ukr,male,2015,2584800
are,male,2015,72252
gbr,male,2015,2048936
tza,male,2015,151839
usa,male,2015,1509309
vir,male,2015,11955
ury,male,2015,276795
uzb,male,2015,1007049
vut,male,2015,3285
ven,male,2015,301693
vnm,male,2015,1223920
wlf,male,2015,5366
esh,male,2015,99259
yem,male,2015,728217
zmb,male,2015,196277
zwe,male,2015,419074
afg,male,2019,2728689
alb,male,2019,619154
dza,male,2019,1041572
asm,male,2019,912
and,male,2019,4326
ago,male,2019,325559
aia,male,2019,1409
atg,male,2019,24953
arg,male,2019,490092
arm,male,2019,517294
abw,male,2019,8654
aus,male,2019,277420
aut,male,2019,268067
aze,male,2019,622045
bhs,male,2019,19380
bhr,male,2019,24216
bgd,male,2019,5216105
brb,male,2019,52084
blr,male,2019,629765
bel,male,2019,277093
blz,male,2019,28351
ben,male,2019,358729
bmu,male,2019,8864
btn,male,2019,25240
bol,male,2019,416053
bes,male,2019,5957
bih,male,2019,801697
bwa,male,2019,51058
bra,male,2019,737943
vgb,male,2019,2399
brn,male,2019,27604
bgr,male,2019,666485
bfa,male,2019,884062
bdi,male,2019,306318
cpv,male,2019,83574
khm,male,2019,509366
cmr,male,2019,188927
can,male,2019,510314
cym,male,2019,902
caf,male,2019,385707
tcd,male,2019,111898
chanisl,male,2019,10820
chl,male,2019,305822
chn,male,2019,4969599
hkg,male,2019,576937
mac,male,2019,71899
col,male,2019,1307894
com,male,2019,58786
cog,male,2019,120941
cok,male,2019,11115
cri,male,2019,63749
civ,male,2019,551569
hrv,male,2019,478467
cub,male,2019,769021
nld_curacao,male,2019,59681
cyp,male,2019,106271
cze,male,2019,402457
prk,male,2019,59202
cod,male,2019,832985
dnk,male,2019,120701
dji,male,2019,9486
dma,male,2019,32851
dom,male,2019,643939
ecu,male,2019,557722
egy,male,2019,2295301
slv,male,2019,795864
gnq,male,2019,67324
eri,male,2019,400922
est,male,2019,93790
swz,male,2019,57038
eth,male,2019,463523
flk,male,2019,689
fro,male,2019,5921
fji,male,2019,105530
fin,male,2019,112363
fra,male,2019,1122580
guf,male,2019,1966
pyf,male,2019,1103
gab,male,2019,22349
gmb,male,2019,77978
geo,male,2019,425127
deu,male,2019,1870256
gha,male,2019,510363
gib,male,2019,6970
grc,male,2019,543198
grl,male,2019,7982
grd,male,2019,32993
glp,male,2019,4820
gum,male,2019,999
gtm,male,2019,595820
gin,male,2019,298338
gnb,male,2019,54775
guy,male,2019,238741
hti,male,2019,856106
hos,male,2019,95
hnd,male,2019,328695
hun,male,2019,315823
isl,male,2019,20783
ind,male,2019,11443060
idn,male,2019,2492052
irn,male,2019,702385
irq,male,2019,1039005
irl,male,2019,372397
gbm,male,2019,6256
isr,male,2019,190629
ita,male,2019,1644954
jam,male,2019,473664
jpn,male,2019,378865
jor,male,2019,500322
kaz,male,2019,1865438
ken,male,2019,247244
kir,male,2019,2138
kwt,male,2019,124796
kgz,male,2019,362024
lao,male,2019,596224
lva,male,2019,148951
lbn,male,2019,499458
lso,male,2019,176042
lbr,male,2019,109444
lby,male,2019,98597
lie,male,2019,1659
ltu,male,2019,273745
lux,male,2019,37164
mdg,male,2019,71200
mwi,male,2019,200448
mys,male,2019,733288
mdv,male,2019,1420
mli,male,2019,719859
mlt,male,2019,54245
mhl,male,2019,4005
mtq,male,2019,6259
mrt,male,2019,79112
mus,male,2019,85164
myt,male,2019,3230
mex,male,2019,6277644
fsm,male,2019,10836
mco,male,2019,14898
mng,male,2019,35150
mne,male,2019,71749
msr,male,2019,10009
mar,male,2019,1646906
moz,male,2019,653069
mmr,male,2019,2324583
nam,male,2019,91116
nru,male,2019,1204
npl,male,2019,1399258
nld,male,2019,496175
ncl,male,2019,2454
nzl,male,2019,392802
nic,male,2019,315869
ner,male,2019,237222
nga,male,2019,757846
niu,male,2019,2749
mkd,male,2019,349479
mnp,male,2019,1419
nor,male,2019,87110
omn,male,2019,13264
pak,male,2019,4129349
plw,male,2019,1382
pan,male,2019,78215
png,male,2019,111740
pry,male,2019,372270
per,male,2019,634541
phl,male,2019,2495691
pol,male,2019,2155969
prt,male,2019,1295290
pri,male,2019,977138
qat,male,2019,84193
kor,male,2019,1087686
mda,male,2019,473885
reu,male,2019,61646
rou,male,2019,1674211
rus,male,2019,4567000
rwa,male,2019,286296
shn,male,2019,2582
kna,male,2019,54940
lca,male,2019,27168
spm,male,2019,1067
vct,male,2019,29106
wsm,male,2019,61180
smr,male,2019,980
stp,male,2019,17382
sau,male,2019,160088
sen,male,2019,396820
srb,male,2019,464406
syc,male,2019,16745
sle,male,2019,92648
sgp,male,2019,162387
sxm,male,2019,14615
svk,male,2019,160569
svn,male,2019,68058
slb,male,2019,2058
som,male,2019,1061493
zaf,male,2019,397324
ssd,male,2019,1291102
esp,male,2019,666443
lka,male,2019,1041961
pse,male,2019,2037607
sdn,male,2019,1125692
sur,male,2019,194080
swe,male,2019,157523
che,male,2019,312545
syr,male,2019,4835917
tjk,male,2019,343833
tha,male,2019,363010
tls,male,2019,21660
tgo,male,2019,268659
tkl,male,2019,1129
ton,male,2019,36640
tto,male,2019,136725
tun,male,2019,456366
tur,male,2019,1819612
tkm,male,2019,126688
tca,male,2019,16515
tuv,male,2019,1616
uga,male,2019,359112
ukr,male,2019,2658528
are,male,2019,81663
gbr,male,2019,2171490
tza,male,2019,161321
usa,male,2019,1593071
vir,male,2019,12718
ury,male,2019,291450
uzb,male,2019,1021482
vut,male,2019,3477
ven,male,2019,1216983
vnm,male,2019,1314193
wlf,male,2019,5631
esh,male,2019,103236
yem,male,2019,823102
zmb,male,2019,230721
zwe,male,2019,468373
afg,female,1990,3111428
alb,female,1990,70822
dza,female,1990,400394
asm,female,1990,992
and,female,1990,2023
ago,female,1990,419447
aia,female,1990,978
atg,female,1990,11936
arg,female,1990,226584
arm,female,1990,462779
abw,female,1990,5854
aus,female,1990,162957
aut,female,1990,271352
aze,female,1990,866138
bhs,female,1990,14554
bhr,female,1990,6700
bgd,female,1990,2288909
brb,female,1990,44776
blr,female,1990,952057
bel,female,1990,208159
blz,female,1990,21023
ben,female,1990,107062
bmu,female,1990,36999
btn,female,1990,14540
bol,female,1990,109247
bes,female,1990,1579
bih,female,1990,434396
bwa,female,1990,6818
bra,female,1990,274022
vgb,female,1990,1754
brn,female,1990,10718
bgr,female,1990,312656
bfa,female,1990,448037
bdi,female,1990,163218
cpv,female,1990,48685
khm,female,1990,180680
cmr,female,1990,55785
can,female,1990,631094
cym,female,1990,181
caf,female,1990,22155
tcd,female,1990,168699
chanisl,female,1990,9971
chl,female,1990,244595
chn,female,1990,2034070
hkg,female,1990,279068
mac,female,1990,47166
col,female,1990,551046
com,female,1990,18021
cog,female,1990,44856
cok,female,1990,9111
cri,female,1990,40452
civ,female,1990,180711
hrv,female,1990,211545
cub,female,1990,436549
nld_curacao,female,1990,21279
cyp,female,1990,83642
cze,female,1990,146953
prk,female,1990,20547
cod,female,1990,219309
dnk,female,1990,110121
dji,female,1990,2418
dma,female,1990,23129
dom,female,1990,267523
ecu,female,1990,108362
egy,female,1990,499236
slv,female,1990,633491
gnq,female,1990,18468
eri,female,1990,80985
est,female,1990,59586
swz,female,1990,9591
eth,female,1990,833652
flk,female,1990,119
fro,female,1990,4531
fji,female,1990,46539
fin,female,1990,148850
fra,female,1990,643383
guf,female,1990,1593
pyf,female,1990,1554
gab,female,1990,7616
gmb,female,1990,15472
geo,female,1990,472945
deu,female,1990,1588365
gha,female,1990,183784
gib,female,1990,6323
grc,female,1990,488860
grl,female,1990,5736
grd,female,1990,23645
glp,female,1990,3238
gum,female,1990,682
gtm,female,1990,172430
gin,female,1990,151233
gnb,female,1990,27977
guy,female,1990,122937
hti,female,1990,233694
hos,female,1990,18
hnd,female,1990,89687
hun,female,1990,195334
isl,female,1990,8994
ind,female,1990,2814608
idn,female,1990,685707
irn,female,1990,269101
irq,female,1990,651752
irl,female,1990,504066
gbm,female,1990,5637
isr,female,1990,142238
ita,female,1990,1611601
jam,female,1990,320821
jpn,female,1990,307392
jor,female,1990,126581
kaz,female,1990,1544157
ken,female,1990,127291
kir,female,1990,2116
kwt,female,1990,36376
kgz,female,1990,269940
lao,female,1990,245703
lva,female,1990,115190
lbn,female,1990,216646
lso,female,1990,45423
lbr,female,1990,256241
lby,female,1990,36168
lie,female,1990,1981
ltu,female,1990,188446
lux,female,1990,17579
mdg,female,1990,33830
mwi,female,1990,58995
mys,female,1990,286075
mdv,female,1990,495
mli,female,1990,286891
mlt,female,1990,54249
mhl,female,1990,719
mtq,female,1990,5432
mrt,female,1990,59314
mus,female,1990,59243
myt,female,1990,849
mex,female,1990,2037252
fsm,female,1990,3779
mco,female,1990,2223
mng,female,1990,12704
mne,female,1990,38565
msr,female,1990,3822
mar,female,1990,763564
moz,female,1990,1020313
mmr,female,1990,309201
nam,female,1990,6718
nru,female,1990,792
npl,female,1990,358766
nld,female,1990,366559
ncl,female,1990,2223
nzl,female,1990,191976
nic,female,1990,222316
ner,female,1990,54992
nga,female,1990,191407
niu,female,1990,3028
mkd,female,1990,215192
mnp,female,1990,1321
nor,female,1990,78642
omn,female,1990,6085
pak,female,1990,1371727
plw,female,1990,1589
pan,female,1990,68180
png,female,1990,1538
pry,female,1990,166350
per,female,1990,164512
phl,female,1990,1199949
pol,female,1990,803451
prt,female,1990,908447
pri,female,1990,625961
qat,female,1990,6176
kor,female,1990,816582
mda,female,1990,335072
reu,female,1990,1516
rou,female,1990,435717
rus,female,1990,7146818
rwa,female,1990,270886
shn,female,1990,498
kna,female,1990,11180
lca,female,1990,11952
spm,female,1990,245
vct,female,1990,19142
wsm,female,1990,38259
smr,female,1990,847
stp,female,1990,7235
sau,female,1990,49401
sen,female,1990,139436
srb,female,1990,348680
syc,female,1990,18412
sle,female,1990,29886
sgp,female,1990,81905
sxm,female,1990,7267
svk,female,1990,67076
svn,female,1990,51512
slb,female,1990,1078
som,female,1990,399212
zaf,female,1990,158059
ssd,female,1990,248149
esp,female,1990,755206
lka,female,1990,426926
pse,female,1990,924753
sdn,female,1990,248811
sur,female,1990,92316
swe,female,1990,118994
che,female,1990,180702
syr,female,1990,266326
tjk,female,1990,273275
tha,female,1990,188486
tls,female,1990,5340
tgo,female,1990,98590
tkl,female,1990,848
ton,female,1990,16469
tto,female,1990,109918
tun,female,1990,184114
tur,female,1990,1278003
tkm,female,1990,132541
tca,female,1990,1305
tuv,female,1990,1147
uga,female,1990,153732
ukr,female,1990,2910993
are,female,1990,34846
gbr,female,1990,1918065
tza,female,1990,95883
usa,female,1990,869647
vir,female,1990,1187
ury,female,1990,120987
uzb,female,1990,742220
vut,female,1990,2414
ven,female,1990,102934
vnm,female,1990,601455
wlf,female,1990,2820
esh,female,1990,75584
yem,female,1990,165179
zmb,female,1990,42604
zwe,female,1990,98608
afg,female,1995,1629169
alb,female,1995,219133
dza,female,1995,429456
asm,female,1995,1273
and,female,1995,2223
ago,female,1995,343854
aia,female,1995,1237
atg,female,1995,15171
arg,female,1995,251719
arm,female,1995,445436
abw,female,1995,5982
aus,female,1995,185383
aut,female,1995,262486
aze,female,1995,869078
bhs,female,1995,17044
bhr,female,1995,12761
bgd,female,1995,2262711
brb,female,1995,47403
blr,female,1995,956276
bel,female,1995,213989
blz,female,1995,24310
ben,female,1995,126927
bmu,female,1995,21887
btn,female,1995,58116
bol,female,1995,139074
bes,female,1995,1873
bih,female,1995,703809
bwa,female,1995,7633
bra,female,1995,417223
vgb,female,1995,2391
brn,female,1995,14017
bgr,female,1995,336537
bfa,female,1995,534295
bdi,female,1995,263134
cpv,female,1995,56579
khm,female,1995,212337
cmr,female,1995,67066
can,female,1995,672523
cym,female,1995,439
caf,female,1995,24172
tcd,female,1995,110137
chanisl,female,1995,8149
chl,female,1995,253225
chn,female,1995,2475139
hkg,female,1995,314470
mac,female,1995,48419
col,female,1995,660966
com,female,1995,23422
cog,female,1995,54868
cok,female,1995,8862
cri,female,1995,49583
civ,female,1995,220922
hrv,female,1995,372410
cub,female,1995,489374
nld_curacao,female,1995,25063
cyp,female,1995,79804
cze,female,1995,173617
prk,female,1995,27395
cod,female,1995,281517
dnk,female,1995,113175
dji,female,1995,3060
dma,female,1995,24423
dom,female,1995,388819
ecu,female,1995,166565
egy,female,1995,541446
slv,female,1995,470207
gnq,female,1995,23941
eri,female,1995,177844
est,female,1995,69092
swz,female,1995,10493
eth,female,1995,403409
flk,female,1995,424
fro,female,1995,5891
fji,female,1995,55636
fin,female,1995,172581
fra,female,1995,707960
guf,female,1995,1832
pyf,female,1995,1878
gab,female,1995,8289
gmb,female,1995,16237
geo,female,1995,472450
deu,female,1995,1632010
gha,female,1995,212257
gib,female,1995,5244
grc,female,1995,483771
grl,female,1995,6811
grd,female,1995,29560
glp,female,1995,3920
gum,female,1995,763
gtm,female,1995,227179
gin,female,1995,158120
gnb,female,1995,33011
guy,female,1995,155882
hti,female,1995,301022
hos,female,1995,19
hnd,female,1995,140390
hun,female,1995,203026
isl,female,1995,11006
ind,female,1995,3041494
idn,female,1995,845267
irn,female,1995,327026
irq,female,1995,570424
irl,female,1995,478303
gbm,female,1995,4640
isr,female,1995,146763
ita,female,1995,1543872
jam,female,1995,394552
jpn,female,1995,335484
jor,female,1995,133557
kaz,female,1995,1737965
ken,female,1995,142302
kir,female,1995,2213
kwt,female,1995,41534
kgz,female,1995,283981
lao,female,1995,277571
lva,female,1995,123613
lbn,female,1995,229791
lso,female,1995,42494
lbr,female,1995,274707
lby,female,1995,36629
lie,female,1995,1714
ltu,female,1995,191664
lux,female,1995,18651
mdg,female,1995,38716
mwi,female,1995,61953
mys,female,1995,461135
mdv,female,1995,472
mli,female,1995,368811
mlt,female,1995,54318
mhl,female,1995,2074
mtq,female,1995,6508
mrt,female,1995,66449
mus,female,1995,62126
myt,female,1995,1989
mex,female,1995,3202418
fsm,female,1995,5988
mco,female,1995,2399
mng,female,1995,14822
mne,female,1995,74123
msr,female,1995,6393
mar,female,1995,843606
moz,female,1995,327434
mmr,female,1995,416837
nam,female,1995,13248
nru,female,1995,814
npl,female,1995,402514
nld,female,1995,369165
ncl,female,1995,2467
nzl,female,1995,207560
nic,female,1995,221665
ner,female,1995,65692
nga,female,1995,222386
niu,female,1995,2925
mkd,female,1995,246326
mnp,female,1995,1375
nor,female,1995,85932
omn,female,1995,6626
pak,female,1995,1348394
plw,female,1995,1474
pan,female,1995,67371
png,female,1995,2025
pry,female,1995,188906
per,female,1995,275811
phl,female,1995,1456047
pol,female,1995,983857
prt,female,1995,935116
pri,female,1995,768350
qat,female,1995,6629
kor,female,1995,889242
mda,female,1995,322165
reu,female,1995,1366
rou,female,1995,517600
rus,female,1995,6623541
rwa,female,1995,1038890
shn,female,1995,1420
kna,female,1995,14004
lca,female,1995,16869
spm,female,1995,231
vct,female,1995,23469
wsm,female,1995,42111
smr,female,1995,1327
stp,female,1995,10114
sau,female,1995,56747
sen,female,1995,137527
srb,female,1995,433194
syc,female,1995,14527
sle,female,1995,227586
sgp,female,1995,88318
sxm,female,1995,8602
svk,female,1995,96434
svn,female,1995,61140
slb,female,1995,1261
som,female,1995,461144
zaf,female,1995,197472
ssd,female,1995,204343
esp,female,1995,727010
lka,female,1995,437087
pse,female,1995,1145558
sdn,female,1995,335552
sur,female,1995,101407
swe,female,1995,129193
che,female,1995,186827
syr,female,1995,282570
tjk,female,1995,265717
tha,female,1995,259132
tls,female,1995,39216
tgo,female,1995,160742
tkl,female,1995,910
ton,female,1995,19484
tto,female,1995,141429
tun,female,1995,194970
tur,female,1995,1334081
tkm,female,1995,123978
tca,female,1995,854
tuv,female,1995,1358
uga,female,1995,184091
ukr,female,1995,2963084
are,female,1995,40527
gbr,female,1995,1866682
tza,female,1995,109718
usa,female,1995,919486
vir,female,1995,1438
ury,female,1995,119425
uzb,female,1995,769542
vut,female,1995,2793
ven,female,1995,135426
vnm,female,1995,766518
wlf,female,1995,3228
esh,female,1995,75285
yem,female,1995,173379
zmb,female,1995,73160
zwe,female,1995,139943
afg,female,2000,1978970
alb,female,2000,369654
dza,female,2000,457708
asm,female,2000,1557
and,female,2000,2948
ago,female,2000,455378
aia,female,2000,1508
atg,female,2000,18519
arg,female,2000,287184
arm,female,2000,406781
abw,female,2000,6182
aus,female,2000,207763
aut,female,2000,255528
aze,female,2000,782633
bhs,female,2000,19638
bhr,female,2000,23154
bgd,female,2000,2249075
brb,female,2000,50321
blr,female,2000,949783
bel,female,2000,226715
blz,female,2000,27790
ben,female,2000,153291
bmu,female,2000,7119
btn,female,2000,58769
bol,female,2000,169988
bes,female,2000,2234
bih,female,2000,764686
bwa,female,2000,10546
bra,female,2000,547772
vgb,female,2000,3050
brn,female,2000,18056
bgr,female,2000,362242
bfa,female,2000,563482
bdi,female,2000,370228
cpv,female,2000,65496
khm,female,2000,235830
cmr,female,2000,79200
can,female,2000,717533
cym,female,2000,720
caf,female,2000,27924
tcd,female,2000,98570
chanisl,female,2000,6509
chl,female,2000,265135
chn,female,2000,2960211
hkg,female,2000,349409
mac,female,2000,50371
col,female,2000,777409
com,female,2000,33545
cog,female,2000,64677
cok,female,2000,9990
cri,female,2000,60919
civ,female,2000,267877
hrv,female,2000,471527
cub,female,2000,549498
nld_curacao,female,2000,29779
cyp,female,2000,77154
cze,female,2000,206889
prk,female,2000,36406
cod,female,2000,435484
dnk,female,2000,117563
dji,female,2000,3854
dma,female,2000,25975
dom,female,2000,519068
ecu,female,2000,228653
egy,female,2000,602862
slv,female,2000,468968
gnq,female,2000,31032
eri,female,2000,256055
est,female,2000,76796
swz,female,2000,14990
eth,female,2000,206523
flk,female,2000,734
fro,female,2000,7176
fji,female,2000,68604
fin,female,2000,190176
fra,female,2000,806863
guf,female,2000,2094
pyf,female,2000,2179
gab,female,2000,9059
gmb,female,2000,19190
geo,female,2000,464405
deu,female,2000,1714792
gha,female,2000,244311
gib,female,2000,4281
grc,female,2000,476661
grl,female,2000,7907
grd,female,2000,34972
glp,female,2000,4617
gum,female,2000,1412
gtm,female,2000,285059
gin,female,2000,165190
gnb,female,2000,35187
guy,female,2000,191394
hti,female,2000,370165
hos,female,2000,15
hnd,female,2000,193851
hun,female,2000,210602
isl,female,2000,13414
ind,female,2000,3305659
idn,female,2000,1081903
irn,female,2000,374641
irq,female,2000,494892
irl,female,2000,459201
gbm,female,2000,3702
isr,female,2000,152526
ita,female,2000,1476685
jam,female,2000,472966
jpn,female,2000,369769
jor,female,2000,142240
kaz,female,2000,1901558
ken,female,2000,163234
kir,female,2000,2093
kwt,female,2000,47103
kgz,female,2000,293284
lao,female,2000,331723
lva,female,2000,129712
lbn,female,2000,244249
lso,female,2000,53358
lbr,female,2000,125119
lby,female,2000,37375
lie,female,2000,1487
ltu,female,2000,197017
lux,female,2000,19789
mdg,female,2000,44775
mwi,female,2000,76013
mys,female,2000,662600
mdv,female,2000,518
mli,female,2000,342669
mlt,female,2000,52563
mhl,female,2000,3487
mtq,female,2000,7621
mrt,female,2000,41902
mus,female,2000,65697
myt,female,2000,3238
mex,female,2000,4389923
fsm,female,2000,8397
mco,female,2000,2599
mng,female,2000,16779
mne,female,2000,99284
msr,female,2000,9049
mar,female,2000,942764
moz,female,2000,253250
mmr,female,2000,567639
nam,female,2000,24523
nru,female,2000,827
npl,female,2000,452561
nld,female,2000,378819
ncl,female,2000,2669
nzl,female,2000,244343
nic,female,2000,256812
ner,female,2000,78275
nga,female,2000,257579
niu,female,2000,2965
mkd,female,2000,265411
mnp,female,2000,1435
nor,female,2000,93005
omn,female,2000,7388
pak,female,2000,1343739
plw,female,2000,2143
pan,female,2000,69174
png,female,2000,2275
pry,female,2000,212056
per,female,2000,385097
phl,female,2000,1772553
pol,female,2000,1165772
prt,female,2000,973629
pri,female,2000,912237
qat,female,2000,7208
kor,female,2000,990917
mda,female,2000,303511
reu,female,2000,1305
rou,female,2000,596663
rus,female,2000,6188780
rwa,female,2000,160274
shn,female,2000,2449
kna,female,2000,16914
lca,female,2000,21921
spm,female,2000,224
vct,female,2000,27399
wsm,female,2000,47970
smr,female,2000,1803
stp,female,2000,13269
sau,female,2000,63820
sen,female,2000,152752
srb,female,2000,537787
syc,female,2000,10497
sle,female,2000,254302
sgp,female,2000,101755
sxm,female,2000,10257
svk,female,2000,126321
svn,female,2000,66482
slb,female,2000,1382
som,female,2000,488445
zaf,female,2000,255926
ssd,female,2000,152302
esp,female,2000,701989
lka,female,2000,455545
pse,female,2000,1367593
sdn,female,2000,382907
sur,female,2000,113770
swe,female,2000,144807
che,female,2000,201557
syr,female,2000,300153
tjk,female,2000,242065
tha,female,2000,337187
tls,female,2000,73903
tgo,female,2000,136265
tkl,female,2000,1044
ton,female,2000,23748
tto,female,2000,174396
tun,female,2000,204822
tur,female,2000,1387535
tkm,female,2000,114080
tca,female,2000,403
tuv,female,2000,1257
uga,female,2000,263312
ukr,female,2000,2977979
are,female,2000,44869
gbr,female,2000,1933025
tza,female,2000,106812
usa,female,2000,996266
vir,female,2000,1723
ury,female,2000,120223
uzb,female,2000,788733
vut,female,2000,3091
ven,female,2000,177365
vnm,female,2000,917222
wlf,female,2000,3640
esh,female,2000,74991
yem,female,2000,185576
zmb,female,2000,83075
zwe,female,2000,170315
afg,female,2005,1751857
alb,female,2005,448750
dza,female,2005,763959
asm,female,2005,1261
and,female,2005,3006
ago,female,2005,363192
aia,female,2005,1500
atg,female,2005,20454
arg,female,2005,409472
arm,female,2005,411637
abw,female,2005,7279
aus,female,2005,228631
aut,female,2005,266465
aze,female,2005,693868
bhs,female,2005,19751
bhr,female,2005,25110
bgd,female,2005,2299433
brb,female,2005,49382
blr,female,2005,897978
bel,female,2005,236023
blz,female,2005,29628
ben,female,2005,223434
bmu,female,2005,7521
btn,female,2005,57793
bol,female,2005,277877
bes,female,2005,2629
bih,female,2005,772251
bwa,female,2005,13473
bra,female,2005,693636
vgb,female,2005,3265
brn,female,2005,18300
bgr,female,2005,480418
bfa,female,2005,601000
bdi,female,2005,233094
cpv,female,2005,75324
khm,female,2005,354775
cmr,female,2005,110560
can,female,2005,734497
cym,female,2005,701
caf,female,2005,69887
tcd,female,2005,96753
chanisl,female,2005,7664
chl,female,2005,281938
chn,female,2005,3789517
hkg,female,2005,395814
mac,female,2005,59674
col,female,2005,1027127
com,female,2005,46312
cog,female,2005,85857
cok,female,2005,10033
cri,female,2005,67579
civ,female,2005,355626
hrv,female,2005,440376
cub,female,2005,608299
nld_curacao,female,2005,35022
cyp,female,2005,77723
cze,female,2005,337023
prk,female,2005,42754
cod,female,2005,531320
dnk,female,2005,118688
dji,female,2005,5824
dma,female,2005,35363
dom,female,2005,589844
ecu,female,2005,507965
egy,female,2005,656034
slv,female,2005,550667
gnq,female,2005,38006
eri,female,2005,144234
est,female,2005,82442
swz,female,2005,20220
eth,female,2005,239515
flk,female,2005,628
fro,female,2005,7319
fji,female,2005,81521
fin,female,2005,180534
fra,female,2005,892362
guf,female,2005,2189
pyf,female,2005,1353
gab,female,2005,20863
gmb,female,2005,24267
geo,female,2005,433148
deu,female,2005,1815138
gha,female,2005,310748
gib,female,2005,4913
grc,female,2005,417480
grl,female,2005,8645
grd,female,2005,35845
glp,female,2005,5358
gum,female,2005,1308
gtm,female,2005,361658
gin,female,2005,176154
gnb,female,2005,37644
guy,female,2005,208229
hti,female,2005,454253
hos,female,2005,58
hnd,female,2005,253376
hun,female,2005,238652
isl,female,2005,14570
ind,female,2005,3787371
idn,female,2005,1254945
irn,female,2005,396528
irq,female,2005,653880
irl,female,2005,428271
gbm,female,2005,4326
isr,female,2005,156533
ita,female,2005,1285728
jam,female,2005,503121
jpn,female,2005,379144
jor,female,2005,161083
kaz,female,2005,1982392
ken,female,2005,187045
kir,female,2005,2081
kwt,female,2005,51943
kgz,female,2005,336932
lao,female,2005,474983
lva,female,2005,149214
lbn,female,2005,258777
lso,female,2005,73573
lbr,female,2005,178714
lby,female,2005,47373
lie,female,2005,1629
ltu,female,2005,232771
lux,female,2005,26535
mdg,female,2005,84413
mwi,female,2005,92386
mys,female,2005,748997
mdv,female,2005,916
mli,female,2005,390528
mlt,female,2005,50469
mhl,female,2005,3317
mtq,female,2005,7809
mrt,female,2005,38930
mus,female,2005,70891
myt,female,2005,3331
mex,female,2005,4940813
fsm,female,2005,9120
mco,female,2005,9529
mng,female,2005,22608
mne,female,2005,77747
msr,female,2005,8728
mar,female,2005,1104229
moz,female,2005,252786
mmr,female,2005,811528
nam,female,2005,33322
nru,female,2005,941
npl,female,2005,503641
nld,female,2005,397072
ncl,female,2005,2735
nzl,female,2005,274898
nic,female,2005,226528
ner,female,2005,119434
nga,female,2005,374350
niu,female,2005,2708
mkd,female,2005,229173
mnp,female,2005,1383
nor,female,2005,97365
omn,female,2005,8415
pak,female,2005,1510824
plw,female,2005,1961
pan,female,2005,66513
png,female,2005,2273
pry,female,2005,307316
per,female,2005,533828
phl,female,2005,2091837
pol,female,2005,1577930
prt,female,2005,844965
pri,female,2005,929630
qat,female,2005,8546
kor,female,2005,1030668
mda,female,2005,373283
reu,female,2005,1490
rou,female,2005,1120227
rus,female,2005,5911606
rwa,female,2005,144583
shn,female,2005,2250
kna,female,2005,18425
lca,female,2005,26466
spm,female,2005,208
vct,female,2005,29067
wsm,female,2005,50393
smr,female,2005,1611
stp,female,2005,15907
sau,female,2005,73262
sen,female,2005,184973
srb,female,2005,453632
syc,female,2005,13232
sle,female,2005,73345
sgp,female,2005,121343
sxm,female,2005,11995
svk,female,2005,143554
svn,female,2005,66701
slb,female,2005,1544
som,female,2005,510093
zaf,female,2005,307419
ssd,female,2005,109339
esp,female,2005,603761
lka,female,2005,514292
pse,female,2005,1482702
sdn,female,2005,544746
sur,female,2005,135541
swe,female,2005,150514
che,female,2005,267718
syr,female,2005,351740
tjk,female,2005,258492
tha,female,2005,404607
tls,female,2005,44708
tgo,female,2005,193718
tkl,female,2005,1053
ton,female,2005,24711
tto,female,2005,183631
tun,female,2005,249601
tur,female,2005,1304887
tkm,female,2005,118207
tca,female,2005,705
tuv,female,2005,1435
uga,female,2005,280101
ukr,female,2005,3009832
are,female,2005,47924
gbr,female,2005,2058184
tza,female,2005,116320
usa,female,2005,1139714
vir,female,2005,1657
ury,female,2005,152562
uzb,female,2005,849972
vut,female,2005,3600
ven,female,2005,243984
vnm,female,2005,1021347
wlf,female,2005,3737
esh,female,2005,59196
yem,female,2005,217638
zmb,female,2005,94240
zwe,female,2005,244498
afg,female,2010,2271753
alb,female,2010,537519
dza,female,2010,741835
asm,female,2010,1061
and,female,2010,4062
ago,female,2010,332209
aia,female,2010,1146
atg,female,2010,22726
arg,female,2010,475235
arm,female,2010,423001
abw,female,2010,8134
aus,female,2010,250611
aut,female,2010,286950
aze,female,2010,542735
bhs,female,2010,20611
bhr,female,2010,25067
bgd,female,2010,2403385
brb,female,2010,51223
blr,female,2010,842337
bel,female,2010,267409
blz,female,2010,32987
ben,female,2010,242790
bmu,female,2010,7695
btn,female,2010,41949
bol,female,2010,411323
bes,female,2010,6106
bih,female,2010,811445
bwa,female,2010,18675
bra,female,2010,872107
vgb,female,2010,2757
brn,female,2010,17685
bgr,female,2010,594432
bfa,female,2010,632372
bdi,female,2010,140526
cpv,female,2010,82700
khm,female,2010,502746
cmr,female,2010,142775
can,female,2010,785882
cym,female,2010,738
caf,female,2010,125625
tcd,female,2010,89953
chanisl,female,2010,7954
chl,female,2010,300053
chn,female,2010,4627382
hkg,female,2010,455810
mac,female,2010,69961
col,female,2010,1362586
com,female,2010,54900
cog,female,2010,88021
cok,female,2010,10493
cri,female,2010,76029
civ,female,2010,476231
hrv,female,2010,437790
cub,female,2010,696026
nld_curacao,female,2010,56930
cyp,female,2010,81795
cze,female,2010,444957
prk,female,2010,46224
cod,female,2010,649922
dnk,female,2010,122623
dji,female,2010,6638
dma,female,2010,42345
dom,female,2010,688333
ecu,female,2010,596243
egy,female,2010,845946
slv,female,2010,667050
gnq,female,2010,44284
eri,female,2010,152421
est,female,2010,89665
swz,female,2010,31091
eth,female,2010,305205
flk,female,2010,654
fro,female,2010,7393
fji,female,2010,95742
fin,female,2010,175562
fra,female,2010,1013973
guf,female,2010,2272
pyf,female,2010,672
gab,female,2010,18924
gmb,female,2010,29751
geo,female,2010,403822
deu,female,2010,1992779
gha,female,2010,357581
gib,female,2010,5065
grc,female,2010,382386
grl,female,2010,9213
grd,female,2010,36073
glp,female,2010,6398
gum,female,2010,1209
gtm,female,2010,461459
gin,female,2010,200088
gnb,female,2010,42558
guy,female,2010,235187
hti,female,2010,535852
hos,female,2010,102
hnd,female,2010,337735
hun,female,2010,264915
isl,female,2010,16629
ind,female,2010,4723181
idn,female,2010,1521921
irn,female,2010,457188
irq,female,2010,1228598
irl,female,2010,401869
gbm,female,2010,4497
isr,female,2010,162859
ita,female,2010,1230383
jam,female,2010,562582
jpn,female,2010,405563
jor,female,2010,212446
kaz,female,2010,2023160
ken,female,2010,226171
kir,female,2010,1820
kwt,female,2010,65290
kgz,female,2010,373909
lao,female,2010,644991
lva,female,2010,156162
lbn,female,2010,288072
lso,female,2010,112634
lbr,female,2010,110132
lby,female,2010,60560
lie,female,2010,2023
ltu,female,2010,293565
lux,female,2010,33254
mdg,female,2010,96244
mwi,female,2010,104175
mys,female,2010,860642
mdv,female,2010,1439
mli,female,2010,432678
mlt,female,2010,49921
mhl,female,2010,3273
mtq,female,2010,7886
mrt,female,2010,40247
mus,female,2010,80692
myt,female,2010,3223
mex,female,2010,5746648
fsm,female,2010,9694
mco,female,2010,13860
mng,female,2010,30087
mne,female,2010,81104
msr,female,2010,9528
mar,female,2010,1281985
moz,female,2010,284046
mmr,female,2010,1086508
nam,female,2010,50767
nru,female,2010,1043
npl,female,2010,596991
nld,female,2010,432359
ncl,female,2010,2475
nzl,female,2010,325050
nic,female,2010,323009
ner,female,2010,134084
nga,female,2010,456402
niu,female,2010,2745
mkd,female,2010,267358
mnp,female,2010,1287
nor,female,2010,100561
omn,female,2010,9247
pak,female,2010,1752881
plw,female,2010,1261
pan,female,2010,71457
png,female,2010,2140
pry,female,2010,436907
per,female,2010,736388
phl,female,2010,2556982
pol,female,2010,1990259
prt,female,2010,950957
pri,female,2010,994549
qat,female,2010,10509
kor,female,2010,1175575
mda,female,2010,443724
reu,female,2010,1679
rou,female,2010,1785679
rus,female,2010,5752086
rwa,female,2010,170875
shn,female,2010,2495
kna,female,2010,19697
lca,female,2010,29025
spm,female,2010,199
vct,female,2010,29535
wsm,female,2010,53361
smr,female,2010,1402
stp,female,2010,16593
sau,female,2010,83465
sen,female,2010,208570
srb,female,2010,423014
syc,female,2010,14786
sle,female,2010,63797
sgp,female,2010,143860
sxm,female,2010,12864
svk,female,2010,141663
svn,female,2010,68651
slb,female,2010,1711
som,female,2010,754258
zaf,female,2010,376876
ssd,female,2010,193277
esp,female,2010,597058
lka,female,2010,610851
pse,female,2010,1629973
sdn,female,2010,527465
sur,female,2010,144361
swe,female,2010,170285
che,female,2010,335659
syr,female,2010,421848
tjk,female,2010,248132
tha,female,2010,492021
tls,female,2010,16006
tgo,female,2010,207002
tkl,female,2010,1078
ton,female,2010,26443
tto,female,2010,202082
tun,female,2010,254516
tur,female,2010,1282117
tkm,female,2010,122697
tca,female,2010,1321
tuv,female,2010,1535
uga,female,2010,362040
ukr,female,2010,2993524
are,female,2010,55274
gbr,female,2010,2213254
tza,female,2010,130956
usa,female,2010,1330876
vir,female,2010,1633
ury,female,2010,177089
uzb,female,2010,909791
vut,female,2010,3875
ven,female,2010,312313
vnm,female,2010,1158204
wlf,female,2010,3829
esh,female,2010,67847
yem,female,2010,285523
zmb,female,2010,109327
zwe,female,2010,349568
afg,female,2015,2374521
alb,female,2015,559242
dza,female,2015,851490
asm,female,2015,972
and,female,2015,4523
ago,female,2015,325835
aia,female,2015,1230
atg,female,2015,28603
arg,female,2015,484126
arm,female,2015,438207
abw,female,2015,9825
aus,female,2015,275560
aut,female,2015,291860
aze,female,2015,525853
bhs,female,2015,24943
bhr,female,2015,27694
bgd,female,2015,2520960
brb,female,2015,55614
blr,female,2015,847481
bel,female,2015,281566
blz,female,2015,36580
ben,female,2015,293846
bmu,female,2015,8351
btn,female,2015,23234
bol,female,2015,435391
bes,female,2015,6236
bih,female,2015,833670
bwa,female,2015,31769
bra,female,2015,879819
vgb,female,2015,2905
brn,female,2015,18663
bgr,female,2015,671360
bfa,female,2015,669493
bdi,female,2015,233487
cpv,female,2015,95147
khm,female,2015,552737
cmr,female,2015,178321
can,female,2015,793972
cym,female,2015,943
caf,female,2015,337870
tcd,female,2015,87175
chanisl,female,2015,10369
chl,female,2015,327685
chn,female,2015,5438010
hkg,female,2015,499936
mac,female,2015,76713
col,female,2015,1469212
com,female,2015,59442
cog,female,2015,112374
cok,female,2015,10868
cri,female,2015,79796
civ,female,2015,535056
hrv,female,2015,435757
cub,female,2015,804328
nld_curacao,female,2015,57430
cyp,female,2015,97652
cze,female,2015,475035
prk,female,2015,51185
cod,female,2015,776715
dnk,female,2015,127530
dji,female,2015,8366
dma,female,2015,42810
dom,female,2015,847576
ecu,female,2015,592913
egy,female,2015,1126244
slv,female,2015,760594
gnq,female,2015,54015
eri,female,2015,279135
est,female,2015,107856
swz,female,2015,45969
eth,female,2015,367171
flk,female,2015,837
fro,female,2015,8411
fji,female,2015,108855
fin,female,2015,176214
fra,female,2015,1101224
guf,female,2015,2529
pyf,female,2015,820
gab,female,2015,22615
gmb,female,2015,35997
geo,female,2015,423799
deu,female,2015,2007072
gha,female,2015,431946
gib,female,2015,6532
grc,female,2015,400154
grl,female,2015,10320
grd,female,2015,39474
glp,female,2015,6804
gum,female,2015,1155
gtm,female,2015,560960
gin,female,2015,215464
gnb,female,2015,46695
guy,female,2015,259945
hti,female,2015,675665
hos,female,2015,197
hnd,female,2015,424885
hun,female,2015,286915
isl,female,2015,19620
ind,female,2015,5550975
idn,female,2015,1806048
irn,female,2015,544497
irq,female,2015,792388
irl,female,2015,406249
gbm,female,2015,5730
isr,female,2015,164811
ita,female,2015,1275167
jam,female,2015,590883
jpn,female,2015,424110
jor,female,2015,254490
kaz,female,2015,2084587
ken,female,2015,256048
kir,female,2015,2106
kwt,female,2015,73810
kgz,female,2015,385192
lao,female,2015,694841
lva,female,2015,171805
lbn,female,2015,314535
lso,female,2015,148186
lbr,female,2015,103288
lby,female,2015,73139
lie,female,2015,2013
ltu,female,2015,313002
lux,female,2015,36112
mdg,female,2015,107566
mwi,female,2015,117451
mys,female,2015,969140
mdv,female,2015,1582
mli,female,2015,531912
mlt,female,2015,52988
mhl,female,2015,3859
mtq,female,2015,7409
mrt,female,2015,40419
mus,female,2015,94950
myt,female,2015,3337
mex,female,2015,5565783
fsm,female,2015,10321
mco,female,2015,15425
mng,female,2015,34867
mne,female,2015,83234
msr,female,2015,11638
mar,female,2015,1401223
moz,female,2015,333408
mmr,female,2015,1245667
nam,female,2015,93242
nru,female,2015,1141
npl,female,2015,801173
nld,female,2015,448250
ncl,female,2015,2498
nzl,female,2015,362743
nic,female,2015,346486
ner,female,2015,157602
nga,female,2015,598749
niu,female,2015,2737
mkd,female,2015,270910
mnp,female,2015,1276
nor,female,2015,105881
omn,female,2015,10910
pak,female,2015,2102205
plw,female,2015,1230
pan,female,2015,76713
png,female,2015,100630
pry,female,2015,480861
per,female,2015,794742
phl,female,2015,2634940
pol,female,2015,2149069
prt,female,2015,1250977
pri,female,2015,953725
qat,female,2015,81783
kor,female,2015,1045330
mda,female,2015,490359
reu,female,2015,67329
rou,female,2015,1816509
rus,female,2015,5739734
rwa,female,2015,305225
shn,female,2015,3396
kna,female,2015,65203
lca,female,2015,33747
spm,female,2015,1207
vct,female,2015,29271
wsm,female,2015,59378
smr,female,2015,2398
stp,female,2015,19040
sau,female,2015,122436
sen,female,2015,223132
srb,female,2015,422655
syc,female,2015,18887
sle,female,2015,86494
sgp,female,2015,161193
sxm,female,2015,13035
svk,female,2015,164115
svn,female,2015,76448
slb,female,2015,1960
som,female,2015,945041
zaf,female,2015,391378
ssd,female,2015,529789
esp,female,2015,691908
lka,female,2015,633588
pse,female,2015,1765147
sdn,female,2015,831839
sur,female,2015,222200
swe,female,2015,182030
che,female,2015,345296
syr,female,2015,2701916
tjk,female,2015,259322
tha,female,2015,590462
tls,female,2015,16771
tgo,female,2015,256580
tkl,female,2015,1075
ton,female,2015,35355
tto,female,2015,181127
tun,female,2015,333029
tur,female,2015,1544855
tkm,female,2015,132899
tca,female,2015,13547
tuv,female,2015,1616
uga,female,2015,375626
ukr,female,2015,3155965
are,female,2015,64814
gbr,female,2015,1979345
tza,female,2015,152081
usa,female,2015,1473126
vir,female,2015,12329
ury,female,2015,322170
uzb,female,2015,944619
vut,female,2015,3602
ven,female,2015,388990
vnm,female,2015,1249066
wlf,female,2015,5859
esh,female,2015,88794
yem,female,2015,383862
zmb,female,2015,229477
zwe,female,2015,417846
afg,female,2019,2392067
alb,female,2019,587878
dza,female,2019,903212
asm,female,2019,905
and,female,2019,4788
ago,female,2019,336031
aia,female,2019,1298
atg,female,2019,30136
arg,female,2019,523322
arm,female,2019,447554
abw,female,2019,10986
aus,female,2019,299835
aut,female,2019,307883
aze,female,2019,533807
bhs,female,2019,27087
bhr,female,2019,35937
bgd,female,2019,2619047
brb,female,2019,60841
blr,female,2019,851029
bel,female,2019,304647
blz,female,2019,39793
ben,female,2019,307628
bmu,female,2019,9185
btn,female,2019,23976
bol,female,2019,462158
bes,female,2019,6807
bih,female,2019,851359
bwa,female,2019,35443
bra,female,2019,1007396
vgb,female,2019,3018
brn,female,2019,19373
bgr,female,2019,875375
bfa,female,2019,697021
bdi,female,2019,317681
cpv,female,2019,102798
khm,female,2019,588518
cmr,female,2019,194102
can,female,2019,812773
cym,female,2019,1071
caf,female,2019,382177
tcd,female,2019,94502
chanisl,female,2019,11725
chl,female,2019,344329
chn,female,2019,5762682
hkg,female,2019,533421
mac,female,2019,90031
col,female,2019,1561138
com,female,2019,61511
cog,female,2019,118456
cok,female,2019,11373
cri,female,2019,86651
civ,female,2019,562434
hrv,female,2019,511545
cub,female,2019,885663
nld_curacao,female,2019,63451
cyp,female,2019,108377
cze,female,2019,508931
prk,female,2019,53916
cod,female,2019,851630
dnk,female,2019,134915
dji,female,2019,9182
dma,female,2019,45783
dom,female,2019,914729
ecu,female,2019,625963
egy,female,2019,1252325
slv,female,2019,804875
gnq,female,2019,58346
eri,female,2019,350559
est,female,2019,114467
swz,female,2019,51150
eth,female,2019,408224
flk,female,2019,934
fro,female,2019,7917
fji,female,2019,117103
fin,female,2019,177643
fra,female,2019,1173954
guf,female,2019,2589
pyf,female,2019,879
gab,female,2019,24335
gmb,female,2019,40505
geo,female,2019,427689
deu,female,2019,2143947
gha,female,2019,460262
gib,female,2019,7350
grc,female,2019,496059
grl,female,2019,10702
grd,female,2019,42791
glp,female,2019,7036
gum,female,2019,1198
gtm,female,2019,609824
gin,female,2019,232625
gnb,female,2019,48812
guy,female,2019,281455
hti,female,2019,729575
hos,female,2019,122
hnd,female,2019,472012
hun,female,2019,316303
isl,female,2019,21403
ind,female,2019,6067871
idn,female,2019,2040940
irn,female,2019,599590
irq,female,2019,994517
irl,female,2019,444400
gbm,female,2019,6553
isr,female,2019,179306
ita,female,2019,1432823
jam,female,2019,637357
jpn,female,2019,459987
jor,female,2019,284055
kaz,female,2019,2140149
ken,female,2019,278193
kir,female,2019,2232
kwt,female,2019,80586
kgz,female,2019,392945
lao,female,2019,750810
lva,female,2019,183269
lbn,female,2019,344700
lso,female,2019,165538
lbr,female,2019,109894
lby,female,2019,81989
lie,female,2019,2054
ltu,female,2019,336478
lux,female,2019,38306
mdg,female,2019,113562
mwi,female,2019,124093
mys,female,2019,955934
mdv,female,2019,1633
mli,female,2019,544841
mlt,female,2019,56892
mhl,female,2019,4200
mtq,female,2019,7660
mrt,female,2019,49394
mus,female,2019,103180
myt,female,2019,3387
mex,female,2019,5518534
fsm,female,2019,10983
mco,female,2019,16554
mng,female,2019,38338
mne,female,2019,81260
msr,female,2019,12829
mar,female,2019,1489163
moz,female,2019,360347
mmr,female,2019,1374889
nam,female,2019,104399
nru,female,2019,1217
npl,female,2019,886106
nld,female,2019,484578
ncl,female,2019,2644
nzl,female,2019,384501
nic,female,2019,366996
ner,female,2019,164431
nga,female,2019,680485
niu,female,2019,2844
mkd,female,2019,308785
mnp,female,2019,1345
nor,female,2019,115226
omn,female,2019,11675
pak,female,2019,2173937
plw,female,2019,1268
pan,female,2019,82892
png,female,2019,107386
pry,female,2019,499368
per,female,2019,878379
phl,female,2019,2881646
pol,female,2019,2291016
prt,female,2019,1336269
pri,female,2019,1030209
qat,female,2019,87439
kor,female,2019,1088894
mda,female,2019,539532
reu,female,2019,72123
rou,female,2019,1898583
rus,female,2019,5924715
rwa,female,2019,302248
shn,female,2019,4014
kna,female,2019,70001
lca,female,2019,36437
spm,female,2019,1289
vct,female,2019,31549
wsm,female,2019,63223
smr,female,2019,1445
stp,female,2019,19631
sau,female,2019,136166
sen,female,2019,245834
srb,female,2019,486079
syc,female,2019,20043
sle,female,2019,94454
sgp,female,2019,178364
sxm,female,2019,14594
svk,female,2019,185114
svn,female,2019,79535
slb,female,2019,2176
som,female,2019,992884
zaf,female,2019,427277
ssd,female,2019,1317116
esp,female,2019,778499
lka,female,2019,733807
pse,female,2019,1853043
sdn,female,2019,914921
sur,female,2019,229437
swe,female,2019,196302
che,female,2019,367251
syr,female,2019,3389582
tjk,female,2019,254126
tha,female,2019,657109
tls,female,2019,17542
tgo,female,2019,274618
tkl,female,2019,1113
ton,female,2019,37793
tto,female,2019,197579
tun,female,2019,356847
tur,female,2019,1673459
tkm,female,2019,134144
tca,female,2019,14518
tuv,female,2019,1660
uga,female,2019,375839
ukr,female,2019,3242539
are,female,2019,72741
gbr,female,2019,2103508
tza,female,2019,161852
usa,female,2019,1574001
vir,female,2019,13145
ury,female,2019,341989
uzb,female,2019,958041
vut,female,2019,3869
ven,female,2019,1302797
vnm,female,2019,1369761
wlf,female,2019,6189
esh,female,2019,92336
yem,female,2019,444508
zmb,female,2019,262366
zwe,female,2019,465281
